{"stats":{"minecraft:killed":{"minecraft:cave_spider":8,"minecraft:spider":9,"minecraft:skeleton":63,"minecraft:chicken":6,"mowziesmobs:umvuthana_crane":7,"minecraft:pig":13,"alexsmobs:grizzly_bear":1,"minecraft:zombie_villager":1,"minecraft:sheep":8,"cataclysm:deepling_brute":1,"minecraft:zombie":27,"alexsmobs:roadrunner":1,"iceandfire:lightning_dragon":1,"minecraft:cow":8,"alexsmobs:blue_jay":1,"minecraft:llama":1,"iceandfire:deathworm":1,"mowziesmobs:umvuthana":9,"minecraft:husk":1,"mowziesmobs:umvuthana_follower_raptor":3,"iceandfire:ghost":8,"minecraft:enderman":1},"minecraft:dropped":{"minecraft:iron_sword":1,"minecraft:acacia_wood":4,"minecraft:oak_log":145,"minecraft:baked_potato":2,"minecraft:golden_pickaxe":2,"minecraft:glass_bottle":6,"minecraft:crafting_table":1,"minecraft:pitcher_pod":8,"minecraft:crossbow":1,"iceandfire:podium_acacia":2,"tombstone:tablet_of_assistance":1,"minecraft:leather":2,"minecraft:iron_horse_armor":1,"minecraft:quartz_pillar":70,"minecraft:rail":5,"minecraft:dirt":9,"minecraft:dark_oak_fence":1,"minecraft:amethyst_shard":4,"minecraft:bone_meal":35,"iceandfire:ash":4,"minecraft:acacia_door":3,"ars_nouveau:wilden_horn":2,"minecraft:bone":10,"minecraft:red_glazed_terracotta":1,"minecraft:iron_nugget":7,"ars_nouveau:wilden_spike":1,"alexsmobs:animal_dictionary":1,"minecraft:cobbled_deepslate":1,"minecraft:pointed_dripstone":1,"minecraft:rotten_flesh":38,"minecraft:oak_planks":52,"minecraft:quartz_bricks":498,"minecraft:white_bed":1,"minecraft:acacia_stairs":1,"iceandfire:crackled_gravel":2,"minecraft:leather_chestplate":1,"minecraft:charcoal":1,"minecraft:beetroot_seeds":2,"minecraft:chest":6,"comforts:sleeping_bag_white":1,"ars_nouveau:wixie_shards":1,"minecraft:egg":2,"minecraft:enchanted_book":1,"minecraft:iron_ingot":9,"minecraft:bread":51,"minecraft:wheat_seeds":3,"chococraft:gold_gysahl":1,"simplyswords:iron_greataxe":2,"iceandfire:dragonscales_green":17,"minecraft:dripstone_block":2,"minecraft:prismarine_shard":3,"minecraft:cobblestone":65,"minecraft:iron_helmet":1,"minecraft:feather":5,"mowziesmobs:umvuthana_mask_fear":1,"minecraft:granite":11,"minecraft:copper_ingot":2,"ars_nouveau:worn_notebook":1,"minecraft:gray_wool":7,"iceandfire:crackled_dirt":1,"minecraft:ink_sac":3,"iceandfire:copper_nugget":30,"tombstone:grave_key":2,"iceandfire:lightning_lily":1,"minecraft:rose_bush":2,"tombstone:grave_dust":15,"minecraft:potion":1,"minecraft:iron_leggings":3,"minecraft:oak_stairs":21,"iceandfire:crackled_grass":1,"minecraft:iron_shovel":1,"minecraft:string":8,"minecraft:smooth_sandstone":2,"minecraft:bucket":1,"minecraft:acacia_planks":1,"ars_nouveau:wilden_wing":2,"minecraft:spruce_sapling":3,"ars_nouveau:caster_tome":1,"minecraft:kelp":2,"minecraft:soul_torch":22,"minecraft:raw_iron":8,"minecraft:iron_boots":4,"minecraft:stripped_oak_log":32,"sophisticatedbackpacks:backpack":1,"alexsmobs:bear_fur":2,"minecraft:red_terracotta":1,"minecraft:flower_pot":63,"minecraft:peony":5,"minecraft:bundle":1,"sophisticatedbackpacks:magnet_upgrade":3,"minecraft:quartz_stairs":24,"simplyswords:iron_longsword":1,"minecraft:spider_eye":7,"tombstone:essence_of_undeath":1,"sophisticatedbackpacks:copper_backpack":1,"minecraft:wooden_pickaxe":2,"ars_nouveau:amplify_arrow":1,"minecraft:brick_slab":1,"chococraft:gysahl_green":19,"simplyswords:iron_greathammer":2},"minecraft:used":{"alexsmobs:emu_egg":1,"minecraft:iron_shovel":213,"minecraft:spruce_slab":25,"minecraft:ladder":1,"minecraft:poppy":1,"minecraft:iron_sword":8,"minecraft:rotten_flesh":2,"minecraft:iron_chestplate":1,"minecraft:mutton":1,"minecraft:brick_slab":8,"minecraft:jungle_planks":4,"minecraft:tuff":7,"minecraft:bricks":7,"iceandfire:crackled_gravel":2,"minecraft:grass_block":1,"minecraft:lantern":28,"minecraft:stone_brick_stairs":36,"minecraft:stone_bricks":248,"minecraft:item_frame":1,"minecraft:bow":2,"minecraft:oak_sapling":1,"ars_nouveau:sourceberry_bush":2,"minecraft:furnace":5,"minecraft:gray_bed":11,"minecraft:diorite":9,"minecraft:oak_planks":194,"simplyswords:iron_rapier":171,"minecraft:stone_pickaxe":168,"minecraft:wooden_pickaxe":64,"minecraft:oak_leaves":49,"minecraft:white_wool":3,"minecraft:sand":14,"minecraft:loom":1,"minecraft:blast_furnace":2,"minecraft:crossbow":43,"simplyswords:iron_greathammer":506,"minecraft:bread":179,"minecraft:red_terracotta":1,"tombstone:grave_key":30,"biomesoplenty:dried_salt":14,"minecraft:grindstone":1,"minecraft:smithing_table":1,"minecraft:andesite":10,"chococraft:gysahl_green":1,"minecraft:oak_boat":7,"minecraft:bone_meal":30,"minecraft:iron_bars":2,"simplyswords:iron_claymore":27,"minecraft:spruce_planks":249,"minecraft:cooked_chicken":1,"minecraft:torch":94,"iceandfire:armor_copper_metal_boots":1,"minecraft:dirt":120,"minecraft:spruce_stairs":88,"minecraft:cobblestone_wall":18,"minecraft:granite":5,"minecraft:spruce_fence":86,"minecraft:iron_hoe":58,"minecraft:iron_axe":242,"minecraft:oak_stairs":83,"minecraft:brick_stairs":1,"minecraft:iron_boots":1,"minecraft:crimson_planks":26,"tombstone:gift":11,"comforts:sleeping_bag_white":19,"minecraft:cooked_beef":15,"minecraft:cobbled_deepslate":38,"minecraft:acacia_planks":39,"minecraft:iron_leggings":2,"minecraft:wheat_seeds":5,"minecraft:cooked_mutton":9,"minecraft:water_bucket":33,"minecraft:baked_potato":26,"minecraft:cartography_table":1,"minecraft:fletching_table":1,"minecraft:stonecutter":1,"minecraft:spruce_fence_gate":36,"spartanshields:iron_tower_shield":241,"minecraft:terracotta":4,"minecraft:crafting_table":16,"simplyswords:iron_greataxe":224,"minecraft:campfire":79,"minecraft:spruce_log":6,"tombstone:bag_of_seeds":2,"minecraft:oak_log":118,"minecraft:flower_pot":5,"minecraft:apple":6,"chococraft:gysahl_green_seeds":70,"tombstone:tablet_of_assistance":11,"minecraft:iron_pickaxe":853,"minecraft:spruce_trapdoor":80,"tombstone:magic_scroll":9,"minecraft:spruce_sapling":5,"minecraft:stone_axe":18,"minecraft:cobblestone":234,"minecraft:cooked_porkchop":12,"minecraft:bucket":33,"minecraft:stripped_oak_log":30,"minecraft:gray_wool":28,"minecraft:chainmail_leggings":2},"minecraft:broken":{"minecraft:iron_boots":1,"minecraft:iron_chestplate":2,"minecraft:stone_pickaxe":1,"simplyswords:iron_greathammer":1,"minecraft:iron_axe":1,"minecraft:iron_pickaxe":3,"minecraft:iron_helmet":1},"minecraft:killed_by":{"iceandfire:fire_dragon":3,"minecraft:player":2},"minecraft:mined":{"minecraft:white_bed":1,"minecraft:spruce_planks":46,"minecraft:oak_sapling":1,"minecraft:spruce_trapdoor":7,"minecraft:granite":22,"minecraft:stripped_crimson_hyphae":10,"minecraft:acacia_log":1,"minecraft:grass_block":194,"minecraft:jungle_log":1,"biomesoplenty:dried_salt":15,"minecraft:oxeye_daisy":1,"minecraft:spawner":8,"comforts:sleeping_bag_white":1,"minecraft:iron_ore":86,"minecraft:fire":15,"minecraft:anvil":1,"iceandfire:crackled_dirt":1,"chococraft:gysahl_green":73,"minecraft:oak_stairs":20,"minecraft:iron_bars":1,"minecraft:potted_cornflower":1,"minecraft:spruce_slab":25,"ars_nouveau:light_block":5,"iceandfire:podium_acacia":1,"minecraft:torch":2,"minecraft:blast_furnace":2,"minecraft:poppy":1,"iceandfire:ghost_chest":1,"minecraft:cobblestone":5,"minecraft:oak_planks":10,"minecraft:bricks":7,"minecraft:wall_torch":3,"minecraft:skeleton_skull":2,"minecraft:stone_brick_stairs":1,"minecraft:wither_rose":1,"minecraft:grass":32,"biomesoplenty:dead_log":3,"minecraft:oak_log":58,"minecraft:sand":16,"minecraft:dirt":76,"minecraft:deepslate":32,"minecraft:oak_leaves":12,"iceandfire:chared_stone":2,"iceandfire:lightning_lily":1,"minecraft:dark_prismarine":27,"minecraft:tuff":7,"iceandfire:silver_ore":6,"minecraft:quartz_stairs":25,"minecraft:dark_oak_leaves":1,"biomesoplenty:desert_grass":1,"minecraft:dark_oak_fence":1,"minecraft:ladder":1,"biomesoplenty:bush":7,"minecraft:spruce_fence":8,"iceandfire:chared_dirt":1,"minecraft:spruce_leaves":68,"minecraft:sandstone":1,"minecraft:large_fern":1,"minecraft:hay_block":6,"minecraft:spruce_sapling":1,"minecraft:furnace":3,"minecraft:acacia_wood":6,"minecraft:andesite":14,"minecraft:peony":4,"minecraft:polished_deepslate":1,"minecraft:deepslate_iron_ore":6,"minecraft:vine":2,"minecraft:lantern":1,"ars_nouveau:rune":1,"minecraft:stone":139,"minecraft:crafting_table":11,"minecraft:rose_bush":1,"minecraft:andesite_slab":1,"minecraft:campfire":7,"minecraft:tall_grass":4,"minecraft:quartz_bricks":516,"minecraft:red_glazed_terracotta":1,"minecraft:diorite":6,"minecraft:spruce_stairs":14,"minecraft:gray_wool":34,"minecraft:red_terracotta":3,"minecraft:brick_slab":22,"minecraft:spruce_log":12,"minecraft:gray_bed":13,"minecraft:birch_leaves":18,"iceandfire:ash":1,"minecraft:quartz_pillar":72,"minecraft:coal_ore":12,"minecraft:terracotta":16,"minecraft:acacia_planks":4,"minecraft:spruce_fence_gate":6,"minecraft:stripped_acacia_wood":5,"minecraft:stone_bricks":8},"minecraft:picked_up":{"ars_nouveau:caster_tome":1,"chococraft:loverly_gysahl_green":7,"minecraft:wheat":1,"minecraft:flower_pot":68,"minecraft:prismarine_shard":6,"minecraft:smithing_table":1,"minecraft:lead":1,"minecraft:oak_stairs":232,"minecraft:potion":1,"minecraft:enchanted_book":4,"minecraft:stone_brick_stairs":1,"tombstone:grave_key":1,"sophisticatedbackpacks:magnet_upgrade":2,"minecraft:string":18,"minecraft:iron_leggings":1,"minecraft:gold_nugget":60,"minecraft:cobbled_deepslate":42,"minecraft:bucket":1,"comforts:sleeping_bag_white":21,"minecraft:spruce_planks":686,"minecraft:rose_bush":1,"minecraft:coal_block":1,"minecraft:iron_boots":1,"minecraft:furnace":3,"minecraft:stick":11,"iceandfire:crackled_dirt":1,"minecraft:torch":12,"minecraft:acacia_log":1,"minecraft:spruce_stairs":273,"minecraft:porkchop":26,"iceandfire:crackled_gravel":4,"minecraft:pointed_dripstone":1,"tombstone:grave_dust":20,"minecraft:diorite":9,"iceandfire:lightning_lily":1,"minecraft:rotten_flesh":33,"iceandfire:deathworm_chitin_yellow":2,"iceandfire:crackled_grass":1,"alexsmobs:emu_egg":1,"minecraft:iron_bars":2,"minecraft:cobblestone":570,"iceandfire:dragonscales_black":4,"minecraft:feather":11,"minecraft:cooked_beef":19,"minecraft:water_bucket":1,"minecraft:andesite":19,"biomesoplenty:dried_salt":14,"minecraft:jungle_log":1,"biomesoplenty:dead_log":3,"alexsmobs:bear_fur":2,"minecraft:tuff":7,"iceandfire:dragonscales_bronze":25,"minecraft:lapis_lazuli":1,"minecraft:dirt":296,"minecraft:lantern":65,"minecraft:glass":2,"minecraft:bone":51,"minecraft:acacia_planks":6,"minecraft:bow":2,"minecraft:stonecutter":1,"minecraft:wheat_seeds":10,"minecraft:grindstone":1,"minecraft:fletching_table":1,"minecraft:bamboo":1,"minecraft:pitcher_pod":3,"minecraft:oak_planks":283,"minecraft:cooked_porkchop":2,"minecraft:stripped_acacia_wood":2,"iceandfire:dragon_skull_fire":1,"minecraft:sand":17,"sophisticatedbackpacks:iron_backpack":1,"minecraft:ink_sac":6,"minecraft:dead_bush":64,"minecraft:loom":1,"minecraft:grass_block":1,"iceandfire:lightning_dragon_heart":1,"minecraft:acacia_stairs":2,"simplyswords:iron_greathammer":1,"minecraft:red_terracotta":2,"minecraft:dark_prismarine":26,"biomesoplenty:glowflower":1,"minecraft:bundle":2,"minecraft:quartz_bricks":498,"minecraft:spruce_fence_gate":70,"minecraft:crossbow":1,"minecraft:granite":21,"minecraft:bone_meal":2,"minecraft:bread":11,"alexsmobs:maggot":2,"minecraft:oak_sapling":2,"minecraft:dark_oak_fence":1,"minecraft:bricks":7,"minecraft:oak_leaves":64,"iceandfire:raw_silver":6,"iceandfire:dragon_skull_lightning":1,"minecraft:charcoal":10,"minecraft:crafting_table":11,"minecraft:chicken":6,"minecraft:ladder":1,"minecraft:golden_pickaxe":2,"minecraft:wooden_pickaxe":2,"ars_nouveau:amplify_arrow":1,"minecraft:cornflower":2,"minecraft:acacia_door":3,"minecraft:item_frame":1,"minecraft:iron_shovel":2,"minecraft:glass_pane":64,"iceandfire:bestiary":2,"minecraft:cartography_table":1,"minecraft:beef":16,"minecraft:oak_boat":7,"minecraft:iron_nugget":7,"minecraft:poppy":1,"minecraft:spruce_slab":89,"minecraft:chest":64,"minecraft:quartz_stairs":24,"biomesoplenty:wildflower":1,"tombstone:tablet_of_assistance":1,"iceandfire:podium_acacia":2,"minecraft:spruce_trapdoor":262,"minecraft:egg":3,"minecraft:dark_oak_sapling":1,"minecraft:stripped_crimson_hyphae":10,"minecraft:raw_iron":92,"minecraft:sandstone":1,"iceandfire:dragonbone":42,"iceandfire:dragonscales_green":4,"minecraft:glow_item_frame":1,"minecraft:spruce_fence":266,"sophisticatedbackpacks:backpack":1,"minecraft:quartz_pillar":70,"iceandfire:deathworm_chitin_white":1,"minecraft:prismarine_crystals":5,"minecraft:iron_horse_armor":1,"ars_nouveau:wixie_shards":1,"mowziesmobs:umvuthana_mask_faith":3,"minecraft:arrow":63,"minecraft:peony":5,"iceandfire:chared_dirt":1,"minecraft:hay_block":6,"tombstone:essence_of_undeath":2,"sophisticatedbackpacks:copper_backpack":1,"minecraft:brick_stairs":1,"minecraft:mutton":13,"minecraft:white_wool":7,"minecraft:oxeye_daisy":1,"minecraft:stripped_oak_log":64,"minecraft:salmon":2,"minecraft:leather":9,"minecraft:red_glazed_terracotta":1,"minecraft:acacia_wood":12,"minecraft:torchflower":1,"minecraft:oak_log":512,"minecraft:cobblestone_wall":64,"tombstone:gift":2,"minecraft:cooked_mutton":2,"chococraft:chocobo_feather":12,"minecraft:smooth_sandstone":1,"chococraft:gysahl_green":285,"minecraft:stone_bricks":392,"chococraft:gold_gysahl":3,"minecraft:kelp":2,"minecraft:iron_ingot":11,"tombstone:bag_of_seeds":3,"minecraft:glass_bottle":4,"minecraft:gray_bed":14,"iceandfire:chared_stone":2,"iceandfire:copper_nugget":96,"simplyswords:iron_greataxe":1,"iceandfire:ash":2,"minecraft:dripstone_block":2,"chococraft:gysahl_green_seeds":73,"minecraft:spruce_sapling":11,"minecraft:blast_furnace":2,"minecraft:white_bed":1,"minecraft:spruce_log":15,"minecraft:spider_eye":14,"minecraft:brick_slab":22,"ars_nouveau:wilden_spike":1,"minecraft:campfire":143,"minecraft:gray_wool":35,"mowziesmobs:umvuthana_mask_fear":2,"minecraft:terracotta":17,"minecraft:baked_potato":2,"tombstone:magic_scroll":4,"minecraft:coal":33,"minecraft:ender_pearl":2},"minecraft:custom":{"minecraft:animals_bred":3,"minecraft:interact_with_crafting_table":49,"minecraft:open_barrel":71,"minecraft:leave_game":27,"minecraft:time_since_death":51282,"minecraft:sprint_one_cm":1562021,"minecraft:damage_blocked_by_shield":2805,"minecraft:drop":228,"minecraft:talked_to_villager":4,"minecraft:play_time":790832,"minecraft:deaths":48,"tombstone:tomb_raiding":1,"minecraft:jump":16265,"minecraft:walk_on_water_one_cm":143290,"minecraft:interact_with_furnace":81,"minecraft:traded_with_villager":1,"minecraft:sleep_in_bed":32,"tombstone:sneak_grave":1,"minecraft:damage_dealt":40250,"minecraft:player_kills":2,"minecraft:crouch_one_cm":167261,"tombstone:undead_killed":100,"minecraft:interact_with_smoker":12,"minecraft:interact_with_smithing_table":2,"minecraft:interact_with_anvil":1,"minecraft:mob_kills":184,"minecraft:damage_dealt_resisted":20,"minecraft:climb_one_cm":59553,"minecraft:walk_one_cm":2108038,"minecraft:damage_dealt_absorbed":23,"minecraft:sneak_time":51360,"minecraft:walk_under_water_one_cm":99694,"minecraft:interact_with_blast_furnace":22,"minecraft:total_world_time":790832,"spartanshields:shield_bash_hits":5,"minecraft:pot_flower":5,"minecraft:interact_with_grindstone":1,"minecraft:time_since_rest":23782,"minecraft:damage_taken":27098,"minecraft:trigger_trapped_chest":6,"minecraft:swim_one_cm":291981,"minecraft:fly_one_cm":3072068,"minecraft:open_chest":410,"minecraft:fall_one_cm":535555},"minecraft:crafted":{"minecraft:oak_planks":148,"chococraft:chocobo_whistle":3,"minecraft:cooked_chicken":1,"spartanshields:wooden_tower_shield":1,"simplyswords:iron_longsword":1,"minecraft:cooked_mutton":8,"simplyswords:iron_greataxe":1,"minecraft:glass":2,"minecraft:iron_boots":4,"tombstone:grave_key":1,"minecraft:glass_bottle":3,"blue_skies:blue_journal":1,"minecraft:cooked_porkchop":23,"minecraft:crafting_table":7,"simplyswords:iron_claymore":1,"minecraft:spruce_planks":36,"spartanshields:iron_tower_shield":1,"minecraft:wooden_pickaxe":2,"minecraft:iron_helmet":2,"minecraft:iron_chestplate":3,"minecraft:stick":44,"minecraft:iron_ingot":96,"minecraft:iron_pickaxe":6,"iceandfire:armor_bronze_helmet":1,"minecraft:iron_nugget":27,"iceandfire:dragon_stick":1,"minecraft:furnace":4,"minecraft:bone_meal":63,"minecraft:iron_axe":1,"minecraft:iron_hoe":1,"minecraft:stone_pickaxe":1,"simplyswords:iron_rapier":1,"iceandfire:armor_bronze_chestplate":1,"minecraft:cooked_beef":3,"biomesoplenty:dead_planks":12,"minecraft:crimson_planks":40,"iceandfire:silver_ingot":16,"iceandfire:armor_bronze_boots":1,"minecraft:smooth_sandstone":1,"sophisticatedbackpacks:gold_backpack":1,"minecraft:stone_axe":1,"simplyswords:iron_greathammer":3,"minecraft:air":0,"minecraft:jungle_planks":4,"minecraft:oak_boat":1,"minecraft:iron_leggings":3,"iceandfire:armor_bronze_leggings":1,"minecraft:acacia_planks":40,"minecraft:torch":88}},"DataVersion":3465}