{"stats":{"minecraft:crafted":{"minecraft:oak_planks":148,"chococraft:chocobo_whistle":3,"spartanshields:wooden_tower_shield":1,"minecraft:cooked_chicken":1,"simplyswords:iron_longsword":1,"minecraft:cooked_mutton":8,"simplyswords:iron_greataxe":1,"minecraft:iron_boots":4,"tombstone:grave_key":1,"blue_skies:blue_journal":1,"minecraft:cooked_porkchop":10,"minecraft:crafting_table":7,"minecraft:spruce_planks":36,"spartanshields:iron_tower_shield":1,"minecraft:wooden_pickaxe":2,"minecraft:iron_helmet":2,"minecraft:iron_chestplate":3,"minecraft:stick":44,"minecraft:iron_ingot":95,"minecraft:iron_pickaxe":6,"minecraft:iron_nugget":18,"minecraft:furnace":3,"minecraft:iron_axe":1,"minecraft:iron_hoe":1,"minecraft:stone_pickaxe":1,"simplyswords:iron_rapier":1,"biomesoplenty:dead_planks":12,"minecraft:crimson_planks":40,"minecraft:stone_axe":1,"simplyswords:iron_greathammer":3,"minecraft:air":0,"minecraft:jungle_planks":4,"minecraft:oak_boat":1,"minecraft:iron_leggings":3,"minecraft:acacia_planks":40,"minecraft:torch":60},"minecraft:broken":{"minecraft:iron_boots":1,"minecraft:iron_chestplate":1,"minecraft:stone_pickaxe":1,"minecraft:iron_axe":1,"minecraft:iron_pickaxe":3},"minecraft:dropped":{"minecraft:iron_sword":1,"minecraft:acacia_wood":4,"minecraft:oak_log":145,"minecraft:baked_potato":2,"minecraft:glass_bottle":4,"minecraft:pitcher_pod":2,"iceandfire:podium_acacia":2,"tombstone:tablet_of_assistance":1,"minecraft:iron_horse_armor":1,"minecraft:quartz_pillar":70,"minecraft:rail":5,"minecraft:dirt":9,"minecraft:dark_oak_fence":1,"minecraft:bone_meal":2,"iceandfire:ash":2,"minecraft:acacia_door":3,"ars_nouveau:wilden_horn":2,"minecraft:bone":10,"minecraft:red_glazed_terracotta":1,"minecraft:iron_nugget":7,"ars_nouveau:wilden_spike":1,"minecraft:cobbled_deepslate":1,"alexsmobs:animal_dictionary":1,"minecraft:pointed_dripstone":1,"minecraft:rotten_flesh":33,"minecraft:oak_planks":51,"minecraft:quartz_bricks":498,"minecraft:acacia_stairs":1,"minecraft:leather_chestplate":1,"minecraft:beetroot_seeds":2,"minecraft:charcoal":1,"comforts:sleeping_bag_white":1,"ars_nouveau:wixie_shards":1,"minecraft:egg":2,"minecraft:iron_ingot":9,"minecraft:bread":27,"simplyswords:iron_greataxe":2,"minecraft:dripstone_block":2,"minecraft:prismarine_shard":3,"minecraft:cobblestone":65,"minecraft:iron_helmet":1,"minecraft:granite":11,"ars_nouveau:worn_notebook":1,"minecraft:gray_wool":7,"minecraft:ink_sac":3,"iceandfire:copper_nugget":30,"tombstone:grave_key":2,"iceandfire:lightning_lily":1,"minecraft:rose_bush":2,"tombstone:grave_dust":13,"minecraft:potion":1,"minecraft:iron_leggings":2,"minecraft:oak_stairs":21,"minecraft:string":8,"minecraft:bucket":1,"minecraft:acacia_planks":1,"ars_nouveau:wilden_wing":2,"minecraft:spruce_sapling":3,"ars_nouveau:caster_tome":1,"minecraft:kelp":2,"minecraft:raw_iron":8,"minecraft:iron_boots":2,"minecraft:stripped_oak_log":32,"alexsmobs:bear_fur":2,"minecraft:red_terracotta":1,"minecraft:flower_pot":63,"minecraft:peony":5,"minecraft:bundle":1,"sophisticatedbackpacks:magnet_upgrade":3,"minecraft:quartz_stairs":24,"simplyswords:iron_longsword":1,"minecraft:spider_eye":7,"minecraft:wooden_pickaxe":2,"ars_nouveau:amplify_arrow":1,"minecraft:brick_slab":1,"simplyswords:iron_greathammer":2},"minecraft:mined":{"minecraft:spruce_planks":46,"minecraft:oak_sapling":1,"minecraft:spruce_trapdoor":7,"minecraft:granite":22,"minecraft:stripped_crimson_hyphae":10,"minecraft:acacia_log":1,"minecraft:grass_block":192,"minecraft:jungle_log":1,"biomesoplenty:dried_salt":15,"minecraft:oxeye_daisy":1,"minecraft:spawner":8,"comforts:sleeping_bag_white":1,"minecraft:iron_ore":86,"minecraft:fire":3,"chococraft:gysahl_green":28,"minecraft:oak_stairs":20,"minecraft:iron_bars":1,"minecraft:potted_cornflower":1,"minecraft:spruce_slab":25,"ars_nouveau:light_block":1,"iceandfire:podium_acacia":1,"minecraft:torch":2,"minecraft:blast_furnace":2,"minecraft:poppy":1,"iceandfire:ghost_chest":1,"minecraft:cobblestone":5,"minecraft:oak_planks":10,"minecraft:bricks":7,"minecraft:wall_torch":3,"minecraft:skeleton_skull":2,"minecraft:wither_rose":1,"minecraft:stone_brick_stairs":1,"minecraft:grass":21,"biomesoplenty:dead_log":3,"minecraft:oak_log":58,"minecraft:sand":3,"minecraft:dirt":76,"minecraft:oak_leaves":12,"minecraft:deepslate":32,"iceandfire:lightning_lily":1,"minecraft:dark_prismarine":27,"minecraft:tuff":7,"iceandfire:silver_ore":6,"minecraft:quartz_stairs":25,"minecraft:dark_oak_leaves":1,"biomesoplenty:desert_grass":1,"minecraft:ladder":1,"minecraft:dark_oak_fence":1,"biomesoplenty:bush":7,"minecraft:spruce_fence":8,"minecraft:spruce_leaves":68,"minecraft:large_fern":1,"minecraft:hay_block":6,"minecraft:spruce_sapling":1,"minecraft:furnace":2,"minecraft:acacia_wood":6,"minecraft:andesite":4,"minecraft:peony":4,"minecraft:polished_deepslate":1,"minecraft:deepslate_iron_ore":6,"minecraft:vine":2,"minecraft:lantern":1,"ars_nouveau:rune":1,"minecraft:stone":130,"minecraft:crafting_table":10,"minecraft:rose_bush":1,"minecraft:andesite_slab":1,"minecraft:campfire":7,"minecraft:tall_grass":4,"minecraft:quartz_bricks":516,"minecraft:red_glazed_terracotta":1,"minecraft:diorite":6,"minecraft:spruce_stairs":14,"minecraft:gray_wool":34,"minecraft:red_terracotta":3,"minecraft:brick_slab":22,"minecraft:gray_bed":1,"minecraft:spruce_log":12,"minecraft:birch_leaves":18,"iceandfire:ash":1,"minecraft:quartz_pillar":72,"minecraft:coal_ore":12,"minecraft:terracotta":16,"minecraft:acacia_planks":4,"minecraft:stripped_acacia_wood":5,"minecraft:spruce_fence_gate":4,"minecraft:stone_bricks":8},"minecraft:picked_up":{"ars_nouveau:caster_tome":1,"chococraft:loverly_gysahl_green":3,"minecraft:flower_pot":68,"minecraft:prismarine_shard":6,"minecraft:smithing_table":1,"minecraft:oak_stairs":232,"minecraft:potion":1,"minecraft:enchanted_book":3,"minecraft:stone_brick_stairs":1,"tombstone:grave_key":1,"sophisticatedbackpacks:magnet_upgrade":2,"minecraft:string":16,"minecraft:iron_leggings":1,"minecraft:gold_nugget":2,"minecraft:cobbled_deepslate":42,"minecraft:bucket":1,"comforts:sleeping_bag_white":21,"minecraft:spruce_planks":686,"minecraft:rose_bush":1,"minecraft:coal_block":1,"minecraft:furnace":2,"minecraft:iron_boots":1,"minecraft:stick":11,"minecraft:torch":12,"minecraft:acacia_log":1,"minecraft:spruce_stairs":273,"minecraft:porkchop":26,"minecraft:pointed_dripstone":1,"tombstone:grave_dust":20,"minecraft:diorite":9,"iceandfire:lightning_lily":1,"minecraft:rotten_flesh":28,"iceandfire:deathworm_chitin_yellow":2,"minecraft:iron_bars":2,"minecraft:cobblestone":555,"minecraft:feather":11,"minecraft:cooked_beef":19,"minecraft:water_bucket":1,"minecraft:andesite":9,"biomesoplenty:dried_salt":14,"minecraft:jungle_log":1,"biomesoplenty:dead_log":3,"alexsmobs:bear_fur":2,"minecraft:tuff":7,"minecraft:lapis_lazuli":1,"minecraft:dirt":294,"minecraft:lantern":65,"minecraft:bone":51,"minecraft:acacia_planks":6,"minecraft:stonecutter":1,"minecraft:bow":2,"minecraft:wheat_seeds":3,"minecraft:grindstone":1,"minecraft:fletching_table":1,"minecraft:bamboo":1,"minecraft:oak_planks":281,"minecraft:cooked_porkchop":2,"minecraft:stripped_acacia_wood":2,"minecraft:sand":3,"sophisticatedbackpacks:iron_backpack":1,"minecraft:ink_sac":6,"minecraft:loom":1,"minecraft:dead_bush":64,"minecraft:grass_block":1,"minecraft:acacia_stairs":2,"simplyswords:iron_greathammer":1,"minecraft:red_terracotta":2,"minecraft:dark_prismarine":26,"biomesoplenty:glowflower":1,"minecraft:bundle":2,"minecraft:quartz_bricks":498,"minecraft:spruce_fence_gate":68,"minecraft:granite":21,"minecraft:bone_meal":2,"minecraft:bread":1,"minecraft:oak_sapling":2,"minecraft:bricks":7,"minecraft:dark_oak_fence":1,"minecraft:oak_leaves":64,"iceandfire:raw_silver":6,"minecraft:crafting_table":10,"minecraft:charcoal":10,"minecraft:chicken":6,"minecraft:ladder":1,"minecraft:wooden_pickaxe":2,"ars_nouveau:amplify_arrow":1,"minecraft:cornflower":2,"minecraft:acacia_door":3,"minecraft:item_frame":1,"minecraft:iron_shovel":2,"minecraft:glass_pane":64,"iceandfire:bestiary":2,"minecraft:cartography_table":1,"minecraft:beef":14,"minecraft:oak_boat":7,"minecraft:iron_nugget":7,"minecraft:poppy":1,"minecraft:spruce_slab":89,"minecraft:chest":64,"tombstone:tablet_of_assistance":1,"biomesoplenty:wildflower":1,"minecraft:quartz_stairs":24,"iceandfire:podium_acacia":2,"minecraft:spruce_trapdoor":262,"minecraft:egg":3,"minecraft:dark_oak_sapling":1,"minecraft:stripped_crimson_hyphae":10,"minecraft:raw_iron":92,"minecraft:glow_item_frame":1,"minecraft:spruce_fence":266,"sophisticatedbackpacks:backpack":1,"minecraft:quartz_pillar":70,"iceandfire:deathworm_chitin_white":1,"minecraft:iron_horse_armor":1,"minecraft:prismarine_crystals":5,"ars_nouveau:wixie_shards":1,"mowziesmobs:umvuthana_mask_faith":3,"minecraft:arrow":63,"minecraft:peony":5,"minecraft:hay_block":6,"tombstone:essence_of_undeath":1,"sophisticatedbackpacks:copper_backpack":1,"minecraft:brick_stairs":1,"minecraft:mutton":12,"minecraft:white_wool":6,"minecraft:oxeye_daisy":1,"minecraft:stripped_oak_log":64,"minecraft:salmon":2,"minecraft:leather":7,"minecraft:red_glazed_terracotta":1,"minecraft:acacia_wood":12,"minecraft:torchflower":1,"minecraft:oak_log":512,"minecraft:cobblestone_wall":64,"tombstone:gift":2,"minecraft:cooked_mutton":2,"chococraft:chocobo_feather":3,"chococraft:gold_gysahl":2,"chococraft:gysahl_green":77,"minecraft:stone_bricks":392,"minecraft:kelp":2,"minecraft:iron_ingot":11,"tombstone:bag_of_seeds":2,"minecraft:glass_bottle":4,"minecraft:gray_bed":1,"iceandfire:copper_nugget":30,"simplyswords:iron_greataxe":1,"iceandfire:ash":2,"minecraft:dripstone_block":2,"minecraft:spruce_sapling":11,"chococraft:gysahl_green_seeds":28,"minecraft:blast_furnace":2,"minecraft:spruce_log":15,"minecraft:spider_eye":14,"minecraft:brick_slab":22,"ars_nouveau:wilden_spike":1,"minecraft:campfire":143,"minecraft:gray_wool":35,"mowziesmobs:umvuthana_mask_fear":2,"minecraft:terracotta":17,"minecraft:baked_potato":2,"tombstone:magic_scroll":4,"minecraft:coal":20,"minecraft:ender_pearl":2},"minecraft:killed":{"minecraft:cave_spider":8,"minecraft:spider":7,"minecraft:skeleton":63,"minecraft:chicken":6,"mowziesmobs:umvuthana_crane":7,"minecraft:pig":13,"alexsmobs:grizzly_bear":1,"minecraft:zombie_villager":1,"minecraft:sheep":7,"cataclysm:deepling_brute":1,"minecraft:zombie":24,"minecraft:cow":7,"alexsmobs:blue_jay":1,"minecraft:llama":1,"iceandfire:deathworm":1,"mowziesmobs:umvuthana":9,"iceandfire:ghost":8,"minecraft:enderman":1},"minecraft:used":{"minecraft:iron_shovel":213,"minecraft:spruce_slab":25,"minecraft:ladder":1,"minecraft:poppy":1,"minecraft:iron_sword":8,"minecraft:rotten_flesh":2,"minecraft:iron_chestplate":1,"minecraft:brick_slab":8,"minecraft:jungle_planks":4,"minecraft:tuff":7,"minecraft:bricks":7,"minecraft:lantern":28,"minecraft:grass_block":1,"minecraft:stone_brick_stairs":36,"minecraft:stone_bricks":248,"minecraft:item_frame":1,"minecraft:bow":2,"ars_nouveau:sourceberry_bush":2,"minecraft:oak_sapling":1,"minecraft:furnace":4,"minecraft:diorite":9,"minecraft:oak_planks":193,"simplyswords:iron_rapier":171,"minecraft:stone_pickaxe":168,"minecraft:wooden_pickaxe":64,"minecraft:oak_leaves":49,"minecraft:white_wool":2,"minecraft:sand":3,"minecraft:blast_furnace":1,"simplyswords:iron_greathammer":373,"minecraft:bread":134,"minecraft:red_terracotta":1,"tombstone:grave_key":24,"biomesoplenty:dried_salt":14,"minecraft:grindstone":1,"minecraft:smithing_table":1,"chococraft:gysahl_green":1,"minecraft:oak_boat":7,"minecraft:iron_bars":2,"minecraft:spruce_planks":249,"minecraft:cooked_chicken":1,"minecraft:torch":94,"iceandfire:armor_copper_metal_boots":1,"minecraft:dirt":118,"minecraft:spruce_stairs":88,"minecraft:cobblestone_wall":18,"minecraft:granite":5,"minecraft:spruce_fence":86,"minecraft:iron_hoe":58,"minecraft:iron_axe":242,"minecraft:oak_stairs":83,"minecraft:brick_stairs":1,"minecraft:iron_boots":1,"minecraft:crimson_planks":26,"tombstone:gift":11,"comforts:sleeping_bag_white":19,"minecraft:cooked_beef":15,"minecraft:cobbled_deepslate":38,"minecraft:acacia_planks":39,"minecraft:iron_leggings":2,"minecraft:wheat_seeds":5,"minecraft:cooked_mutton":9,"minecraft:water_bucket":25,"minecraft:baked_potato":26,"minecraft:cartography_table":1,"minecraft:fletching_table":1,"minecraft:stonecutter":1,"minecraft:spruce_fence_gate":34,"spartanshields:iron_tower_shield":235,"minecraft:terracotta":4,"minecraft:crafting_table":15,"simplyswords:iron_greataxe":224,"minecraft:campfire":79,"minecraft:spruce_log":6,"tombstone:bag_of_seeds":1,"minecraft:oak_log":118,"minecraft:flower_pot":5,"chococraft:gysahl_green_seeds":25,"tombstone:tablet_of_assistance":11,"minecraft:iron_pickaxe":828,"tombstone:magic_scroll":7,"minecraft:spruce_trapdoor":80,"minecraft:spruce_sapling":5,"minecraft:stone_axe":18,"minecraft:cobblestone":230,"minecraft:cooked_porkchop":12,"minecraft:bucket":24,"minecraft:stripped_oak_log":30,"minecraft:gray_wool":28,"minecraft:chainmail_leggings":2},"minecraft:custom":{"minecraft:interact_with_crafting_table":39,"minecraft:open_barrel":69,"minecraft:leave_game":25,"minecraft:time_since_death":24380,"minecraft:sprint_one_cm":1235446,"minecraft:damage_blocked_by_shield":2805,"minecraft:drop":171,"minecraft:talked_to_villager":3,"minecraft:play_time":607830,"minecraft:deaths":35,"minecraft:jump":11981,"minecraft:walk_on_water_one_cm":122607,"minecraft:interact_with_furnace":73,"minecraft:traded_with_villager":1,"minecraft:sleep_in_bed":23,"tombstone:sneak_grave":1,"minecraft:damage_dealt":34462,"minecraft:crouch_one_cm":158783,"tombstone:undead_killed":96,"minecraft:interact_with_smithing_table":2,"minecraft:interact_with_anvil":1,"minecraft:mob_kills":171,"minecraft:damage_dealt_resisted":20,"minecraft:climb_one_cm":58490,"minecraft:walk_one_cm":1668759,"minecraft:sneak_time":48865,"minecraft:walk_under_water_one_cm":85881,"minecraft:interact_with_blast_furnace":16,"minecraft:total_world_time":607830,"spartanshields:shield_bash_hits":5,"minecraft:pot_flower":5,"minecraft:interact_with_grindstone":1,"minecraft:time_since_rest":18279,"minecraft:damage_taken":21609,"minecraft:trigger_trapped_chest":6,"minecraft:swim_one_cm":215937,"minecraft:fly_one_cm":2148902,"minecraft:open_chest":177,"minecraft:fall_one_cm":380851},"minecraft:killed_by":{"iceandfire:fire_dragon":1,"minecraft:player":2}},"DataVersion":3465}