{"stats":{"minecraft:crafted":{"minecraft:oak_planks":36,"minecraft:cooked_chicken":1,"spartanshields:wooden_tower_shield":1,"simplyswords:iron_longsword":1,"minecraft:cooked_mutton":8,"simplyswords:iron_greataxe":1,"minecraft:iron_boots":3,"tombstone:grave_key":1,"blue_skies:blue_journal":1,"minecraft:cooked_porkchop":10,"minecraft:crafting_table":4,"minecraft:spruce_planks":4,"spartanshields:iron_tower_shield":1,"minecraft:wooden_pickaxe":2,"minecraft:iron_helmet":2,"minecraft:iron_chestplate":2,"minecraft:stick":32,"minecraft:iron_ingot":95,"minecraft:iron_pickaxe":4,"minecraft:iron_nugget":18,"minecraft:furnace":3,"minecraft:iron_axe":1,"minecraft:iron_hoe":1,"minecraft:stone_pickaxe":1,"simplyswords:iron_rapier":1,"biomesoplenty:dead_planks":12,"minecraft:stone_axe":1,"simplyswords:iron_greathammer":2,"minecraft:air":0,"minecraft:jungle_planks":4,"minecraft:iron_leggings":3,"minecraft:acacia_planks":4,"minecraft:torch":24},"minecraft:killed_by":{"iceandfire:fire_dragon":1},"minecraft:broken":{"minecraft:iron_chestplate":1,"minecraft:stone_pickaxe":1,"minecraft:iron_pickaxe":3},"minecraft:picked_up":{"ars_nouveau:caster_tome":1,"minecraft:flower_pot":68,"minecraft:prismarine_shard":3,"minecraft:smithing_table":1,"minecraft:oak_stairs":232,"minecraft:enchanted_book":2,"minecraft:potion":1,"minecraft:stone_brick_stairs":1,"tombstone:grave_key":1,"sophisticatedbackpacks:magnet_upgrade":2,"minecraft:string":13,"minecraft:iron_leggings":1,"minecraft:gold_nugget":2,"minecraft:cobbled_deepslate":39,"minecraft:bucket":1,"comforts:sleeping_bag_white":15,"minecraft:spruce_planks":662,"minecraft:coal_block":1,"minecraft:furnace":2,"minecraft:iron_boots":1,"minecraft:stick":7,"minecraft:torch":8,"minecraft:acacia_log":1,"minecraft:spruce_stairs":269,"minecraft:porkchop":13,"tombstone:grave_dust":8,"minecraft:pointed_dripstone":1,"minecraft:diorite":9,"iceandfire:lightning_lily":1,"minecraft:rotten_flesh":18,"iceandfire:deathworm_chitin_yellow":2,"minecraft:iron_bars":2,"minecraft:cobblestone":549,"minecraft:feather":8,"minecraft:cooked_beef":19,"minecraft:jungle_log":1,"minecraft:water_bucket":1,"biomesoplenty:dried_salt":14,"minecraft:andesite":9,"biomesoplenty:dead_log":3,"alexsmobs:bear_fur":2,"minecraft:tuff":7,"minecraft:lapis_lazuli":1,"minecraft:dirt":292,"minecraft:lantern":65,"minecraft:bone":21,"minecraft:acacia_planks":1,"minecraft:stonecutter":1,"minecraft:bow":2,"minecraft:wheat_seeds":3,"minecraft:grindstone":1,"minecraft:fletching_table":1,"minecraft:bamboo":1,"minecraft:oak_planks":281,"minecraft:cooked_porkchop":2,"minecraft:sand":3,"sophisticatedbackpacks:iron_backpack":1,"minecraft:ink_sac":6,"minecraft:loom":1,"minecraft:dead_bush":64,"minecraft:grass_block":1,"minecraft:acacia_stairs":2,"biomesoplenty:glowflower":1,"minecraft:bundle":2,"minecraft:quartz_bricks":498,"minecraft:spruce_fence_gate":68,"minecraft:granite":15,"minecraft:bone_meal":2,"minecraft:bread":1,"minecraft:oak_sapling":2,"minecraft:bricks":7,"minecraft:oak_leaves":64,"iceandfire:raw_silver":6,"minecraft:charcoal":10,"minecraft:crafting_table":9,"minecraft:chicken":4,"minecraft:ladder":1,"minecraft:wooden_pickaxe":2,"ars_nouveau:amplify_arrow":1,"minecraft:cornflower":2,"minecraft:acacia_door":3,"minecraft:item_frame":1,"minecraft:iron_shovel":2,"minecraft:glass_pane":64,"iceandfire:bestiary":2,"minecraft:cartography_table":1,"minecraft:beef":3,"biomesoplenty:wildflower":1,"minecraft:iron_nugget":7,"minecraft:poppy":1,"minecraft:spruce_slab":89,"iceandfire:podium_acacia":2,"tombstone:tablet_of_assistance":1,"minecraft:quartz_stairs":24,"minecraft:chest":64,"minecraft:spruce_trapdoor":262,"minecraft:dark_oak_sapling":1,"minecraft:raw_iron":92,"minecraft:glow_item_frame":1,"sophisticatedbackpacks:backpack":1,"minecraft:spruce_fence":264,"minecraft:quartz_pillar":70,"iceandfire:deathworm_chitin_white":1,"minecraft:iron_horse_armor":1,"minecraft:prismarine_crystals":5,"ars_nouveau:wixie_shards":1,"mowziesmobs:umvuthana_mask_faith":3,"minecraft:arrow":27,"minecraft:peony":5,"sophisticatedbackpacks:copper_backpack":1,"minecraft:mutton":10,"minecraft:white_wool":5,"minecraft:oxeye_daisy":1,"minecraft:stripped_oak_log":64,"minecraft:salmon":2,"minecraft:acacia_wood":5,"minecraft:torchflower":1,"minecraft:oak_log":484,"minecraft:cobblestone_wall":64,"tombstone:gift":2,"minecraft:cooked_mutton":2,"minecraft:stone_bricks":392,"minecraft:kelp":2,"minecraft:iron_ingot":11,"tombstone:bag_of_seeds":1,"minecraft:gray_bed":1,"iceandfire:copper_nugget":30,"simplyswords:iron_greataxe":1,"iceandfire:ash":2,"minecraft:dripstone_block":2,"minecraft:spruce_sapling":1,"minecraft:blast_furnace":2,"minecraft:spruce_log":15,"minecraft:spider_eye":14,"minecraft:brick_slab":22,"ars_nouveau:wilden_spike":1,"minecraft:campfire":143,"minecraft:gray_wool":35,"mowziesmobs:umvuthana_mask_fear":2,"minecraft:baked_potato":2,"tombstone:magic_scroll":3,"minecraft:coal":20,"minecraft:ender_pearl":2},"minecraft:custom":{"minecraft:interact_with_crafting_table":32,"minecraft:open_barrel":11,"minecraft:leave_game":19,"minecraft:time_since_death":169279,"minecraft:sprint_one_cm":918913,"minecraft:damage_blocked_by_shield":2100,"minecraft:drop":140,"minecraft:talked_to_villager":3,"minecraft:play_time":462166,"minecraft:deaths":22,"minecraft:jump":8986,"minecraft:walk_on_water_one_cm":106117,"minecraft:interact_with_furnace":66,"minecraft:traded_with_villager":1,"minecraft:sleep_in_bed":18,"tombstone:sneak_grave":1,"minecraft:damage_dealt":18664,"minecraft:crouch_one_cm":130576,"tombstone:undead_killed":47,"minecraft:interact_with_smithing_table":2,"minecraft:mob_kills":98,"minecraft:damage_dealt_resisted":20,"minecraft:climb_one_cm":38966,"minecraft:walk_one_cm":1246861,"minecraft:sneak_time":39121,"minecraft:walk_under_water_one_cm":70307,"minecraft:interact_with_blast_furnace":5,"minecraft:total_world_time":462166,"spartanshields:shield_bash_hits":5,"minecraft:pot_flower":5,"minecraft:time_since_rest":30686,"minecraft:damage_taken":14963,"minecraft:trigger_trapped_chest":5,"minecraft:swim_one_cm":176145,"minecraft:fly_one_cm":1568198,"minecraft:open_chest":144,"minecraft:fall_one_cm":277747},"minecraft:dropped":{"minecraft:iron_sword":1,"minecraft:acacia_wood":4,"minecraft:oak_log":145,"minecraft:baked_potato":2,"iceandfire:podium_acacia":2,"tombstone:tablet_of_assistance":1,"minecraft:iron_horse_armor":1,"minecraft:quartz_pillar":70,"minecraft:rail":5,"minecraft:dirt":9,"minecraft:bone_meal":2,"iceandfire:ash":2,"minecraft:acacia_door":3,"ars_nouveau:wilden_horn":2,"minecraft:bone":10,"minecraft:cobbled_deepslate":1,"minecraft:iron_nugget":7,"ars_nouveau:wilden_spike":1,"alexsmobs:animal_dictionary":1,"minecraft:pointed_dripstone":1,"minecraft:rotten_flesh":4,"minecraft:oak_planks":51,"minecraft:quartz_bricks":498,"minecraft:acacia_stairs":1,"minecraft:leather_chestplate":1,"comforts:sleeping_bag_white":1,"ars_nouveau:wixie_shards":1,"minecraft:iron_ingot":9,"minecraft:bread":27,"simplyswords:iron_greataxe":2,"minecraft:dripstone_block":2,"minecraft:iron_helmet":1,"minecraft:cobblestone":64,"minecraft:granite":5,"ars_nouveau:worn_notebook":1,"minecraft:gray_wool":7,"minecraft:ink_sac":3,"iceandfire:copper_nugget":30,"tombstone:grave_key":2,"iceandfire:lightning_lily":1,"tombstone:grave_dust":11,"minecraft:potion":1,"minecraft:iron_leggings":2,"minecraft:oak_stairs":21,"minecraft:string":6,"minecraft:bucket":1,"minecraft:acacia_planks":1,"ars_nouveau:wilden_wing":2,"ars_nouveau:caster_tome":1,"minecraft:kelp":2,"minecraft:raw_iron":8,"minecraft:iron_boots":2,"minecraft:stripped_oak_log":32,"alexsmobs:bear_fur":2,"minecraft:flower_pot":62,"minecraft:peony":5,"minecraft:bundle":1,"sophisticatedbackpacks:magnet_upgrade":3,"minecraft:quartz_stairs":24,"simplyswords:iron_longsword":1,"minecraft:spider_eye":7,"minecraft:wooden_pickaxe":2,"ars_nouveau:amplify_arrow":1,"minecraft:brick_slab":1,"simplyswords:iron_greathammer":1},"minecraft:killed":{"minecraft:cave_spider":7,"minecraft:spider":4,"minecraft:skeleton":27,"minecraft:chicken":4,"mowziesmobs:umvuthana_crane":7,"minecraft:pig":6,"alexsmobs:grizzly_bear":1,"minecraft:zombie_villager":1,"minecraft:sheep":6,"minecraft:zombie":13,"minecraft:cow":2,"alexsmobs:blue_jay":1,"minecraft:llama":1,"iceandfire:deathworm":1,"mowziesmobs:umvuthana":9,"iceandfire:ghost":6,"minecraft:enderman":1},"minecraft:used":{"minecraft:iron_shovel":213,"minecraft:spruce_slab":25,"minecraft:poppy":1,"minecraft:ladder":1,"minecraft:iron_sword":8,"minecraft:rotten_flesh":2,"minecraft:iron_chestplate":1,"minecraft:brick_slab":8,"minecraft:jungle_planks":4,"minecraft:tuff":7,"minecraft:lantern":28,"minecraft:grass_block":1,"minecraft:stone_brick_stairs":36,"minecraft:stone_bricks":248,"minecraft:item_frame":1,"minecraft:bow":2,"minecraft:furnace":4,"minecraft:oak_sapling":1,"ars_nouveau:sourceberry_bush":2,"minecraft:diorite":9,"simplyswords:iron_rapier":171,"minecraft:stone_pickaxe":168,"minecraft:oak_planks":86,"minecraft:wooden_pickaxe":64,"minecraft:oak_leaves":49,"minecraft:sand":3,"minecraft:blast_furnace":1,"simplyswords:iron_greathammer":48,"minecraft:bread":71,"tombstone:grave_key":14,"biomesoplenty:dried_salt":14,"minecraft:grindstone":1,"minecraft:smithing_table":1,"minecraft:iron_bars":2,"minecraft:spruce_planks":220,"minecraft:cooked_chicken":1,"minecraft:torch":48,"iceandfire:armor_copper_metal_boots":1,"minecraft:dirt":116,"minecraft:spruce_stairs":88,"minecraft:cobblestone_wall":18,"minecraft:spruce_fence":86,"minecraft:granite":5,"minecraft:iron_hoe":58,"minecraft:iron_axe":118,"minecraft:oak_stairs":83,"minecraft:iron_boots":1,"tombstone:gift":9,"comforts:sleeping_bag_white":13,"minecraft:cooked_beef":15,"minecraft:cobbled_deepslate":38,"minecraft:wheat_seeds":5,"minecraft:cooked_mutton":9,"minecraft:water_bucket":5,"minecraft:baked_potato":26,"minecraft:cartography_table":1,"minecraft:fletching_table":1,"minecraft:stonecutter":1,"minecraft:spruce_fence_gate":34,"spartanshields:iron_tower_shield":191,"minecraft:crafting_table":12,"simplyswords:iron_greataxe":224,"minecraft:campfire":79,"minecraft:spruce_log":6,"minecraft:oak_log":118,"minecraft:flower_pot":5,"tombstone:tablet_of_assistance":11,"minecraft:iron_pickaxe":752,"tombstone:magic_scroll":7,"minecraft:spruce_trapdoor":80,"minecraft:spruce_sapling":1,"minecraft:stone_axe":18,"minecraft:cobblestone":226,"minecraft:cooked_porkchop":12,"minecraft:bucket":4,"minecraft:stripped_oak_log":30,"minecraft:gray_wool":28},"minecraft:mined":{"minecraft:spruce_planks":25,"minecraft:oak_sapling":1,"minecraft:spruce_trapdoor":7,"minecraft:granite":19,"minecraft:acacia_log":1,"minecraft:grass_block":190,"minecraft:jungle_log":1,"biomesoplenty:dried_salt":15,"minecraft:oxeye_daisy":1,"minecraft:spawner":1,"minecraft:iron_ore":86,"minecraft:fire":3,"minecraft:iron_bars":1,"minecraft:oak_stairs":20,"minecraft:potted_cornflower":1,"minecraft:spruce_slab":25,"ars_nouveau:light_block":1,"iceandfire:podium_acacia":1,"minecraft:torch":1,"minecraft:blast_furnace":2,"minecraft:poppy":1,"minecraft:cobblestone":5,"minecraft:oak_planks":10,"minecraft:bricks":7,"minecraft:skeleton_skull":2,"minecraft:wither_rose":1,"minecraft:stone_brick_stairs":1,"minecraft:grass":17,"biomesoplenty:dead_log":3,"minecraft:oak_log":29,"minecraft:sand":3,"minecraft:dirt":76,"minecraft:oak_leaves":12,"minecraft:deepslate":32,"iceandfire:lightning_lily":1,"minecraft:tuff":7,"iceandfire:silver_ore":6,"minecraft:quartz_stairs":25,"biomesoplenty:desert_grass":1,"minecraft:ladder":1,"biomesoplenty:bush":7,"minecraft:spruce_fence":8,"minecraft:spruce_leaves":11,"minecraft:large_fern":1,"minecraft:furnace":2,"minecraft:andesite":4,"minecraft:peony":4,"minecraft:deepslate_iron_ore":6,"minecraft:lantern":1,"ars_nouveau:rune":1,"minecraft:stone":125,"minecraft:crafting_table":9,"minecraft:andesite_slab":1,"minecraft:campfire":7,"minecraft:tall_grass":2,"minecraft:quartz_bricks":516,"minecraft:diorite":6,"minecraft:spruce_stairs":13,"minecraft:gray_wool":34,"minecraft:brick_slab":22,"minecraft:gray_bed":1,"minecraft:spruce_log":12,"iceandfire:ash":1,"minecraft:quartz_pillar":72,"minecraft:coal_ore":12,"minecraft:spruce_fence_gate":4,"minecraft:stone_bricks":8}},"DataVersion":3465}