{"stats":{"minecraft:crafted":{"minecraft:oak_planks":8,"minecraft:crafting_table":1,"minecraft:stick":4,"minecraft:furnace":1,"minecraft:torch":24,"minecraft:stone_axe":1},"minecraft:used":{"minecraft:stone_pickaxe":22,"minecraft:poppy":1,"minecraft:stone_axe":5,"minecraft:torch":7,"minecraft:dirt":3,"minecraft:crafting_table":1,"minecraft:furnace":1,"minecraft:cooked_porkchop":1},"minecraft:killed":{"minecraft:cave_spider":2},"minecraft:picked_up":{"minecraft:raw_iron":11,"minecraft:oak_log":2,"minecraft:dirt":4,"minecraft:spider_eye":1,"minecraft:string":2,"minecraft:poppy":1,"minecraft:coal":8,"minecraft:cobblestone":3},"minecraft:custom":{"minecraft:time_since_rest":11819,"minecraft:interact_with_furnace":2,"minecraft:sprint_one_cm":23219,"minecraft:damage_taken":295,"minecraft:walk_one_cm":39284,"minecraft:mob_kills":2,"minecraft:damage_dealt":267,"minecraft:swim_one_cm":84,"minecraft:interact_with_crafting_table":2,"minecraft:fly_one_cm":24396,"minecraft:play_time":11819,"minecraft:crouch_one_cm":670,"minecraft:sneak_time":402,"minecraft:walk_under_water_one_cm":1475,"minecraft:jump":243,"minecraft:leave_game":2,"minecraft:walk_on_water_one_cm":1997,"minecraft:time_since_death":11819,"minecraft:total_world_time":11819,"minecraft:fall_one_cm":6582},"minecraft:mined":{"minecraft:iron_ore":11,"minecraft:grass_block":3,"minecraft:coal_ore":8,"minecraft:oak_log":2,"minecraft:poppy":1,"minecraft:stone":3}},"DataVersion":3465}