{"stats":{"minecraft:dropped":{"minecraft:dirt":1,"ars_nouveau:wilden_spike":1,"sophisticatedbackpacks:magnet_upgrade":2,"minecraft:raw_iron":8,"minecraft:potion":1,"simplyswords:iron_longsword":1,"ars_nouveau:amplify_arrow":1,"ars_nouveau:caster_tome":1,"ars_nouveau:wixie_shards":1},"minecraft:crafted":{"minecraft:oak_planks":8,"minecraft:iron_boots":1,"minecraft:iron_chestplate":1,"minecraft:crafting_table":1,"minecraft:stick":4,"minecraft:iron_helmet":1,"minecraft:iron_ingot":21,"simplyswords:iron_rapier":1,"minecraft:furnace":1,"minecraft:torch":24,"minecraft:stone_axe":1,"minecraft:air":0,"simplyswords:iron_longsword":1},"minecraft:killed":{"minecraft:skeleton":1,"minecraft:cave_spider":6},"minecraft:used":{"minecraft:cooked_mutton":2,"minecraft:stone_pickaxe":70,"simplyswords:iron_rapier":1,"minecraft:bread":2,"minecraft:poppy":1,"minecraft:torch":10,"minecraft:wooden_pickaxe":11,"minecraft:iron_boots":1,"minecraft:stone_axe":18,"minecraft:iron_chestplate":1,"minecraft:dirt":6,"minecraft:crafting_table":1,"minecraft:furnace":1,"minecraft:cooked_porkchop":2},"minecraft:picked_up":{"ars_nouveau:caster_tome":1,"minecraft:raw_iron":20,"minecraft:potion":1,"minecraft:oak_log":2,"sophisticatedbackpacks:magnet_upgrade":2,"minecraft:dirt":6,"ars_nouveau:amplify_arrow":1,"minecraft:spider_eye":2,"ars_nouveau:wixie_shards":1,"minecraft:string":5,"ars_nouveau:wilden_spike":1,"minecraft:cooked_mutton":2,"minecraft:bone":1,"minecraft:arrow":1,"minecraft:cobbled_deepslate":1,"minecraft:poppy":1,"minecraft:coal":8,"minecraft:cobblestone":45},"minecraft:custom":{"minecraft:time_since_rest":27681,"minecraft:sprint_one_cm":45176,"minecraft:interact_with_furnace":17,"minecraft:damage_taken":583,"minecraft:walk_one_cm":92010,"minecraft:mob_kills":7,"minecraft:drop":10,"minecraft:damage_dealt":904,"minecraft:swim_one_cm":84,"minecraft:interact_with_crafting_table":8,"minecraft:fly_one_cm":31204,"minecraft:play_time":27681,"minecraft:open_chest":1,"minecraft:crouch_one_cm":3449,"tombstone:undead_killed":1,"minecraft:sneak_time":1923,"minecraft:walk_under_water_one_cm":1475,"minecraft:jump":395,"minecraft:leave_game":3,"minecraft:time_since_death":27681,"minecraft:walk_on_water_one_cm":2731,"minecraft:total_world_time":27681,"minecraft:fall_one_cm":9176},"minecraft:mined":{"minecraft:iron_ore":16,"minecraft:coal_ore":8,"minecraft:grass_block":3,"minecraft:oak_log":2,"minecraft:poppy":1,"minecraft:deepslate_iron_ore":4,"minecraft:dirt":2,"minecraft:stone":51,"minecraft:deepslate":2}},"DataVersion":3465}