{"stats":{"minecraft:killed":{"ars_nouveau:drygmy":1,"ars_nouveau:starbuncle":1,"minecraft:iron_golem":1,"minecraft:cod":3,"minecraft:skeleton":3,"minecraft:zombie":7,"iceandfire:ghost":8,"alexsmobs:crow":1},"minecraft:used":{"minecraft:water_bucket":5,"minecraft:stone_sword":30,"minecraft:birch_planks":1,"minecraft:oak_planks":2,"minecraft:stone_pickaxe":4,"minecraft:baked_potato":5,"minecraft:shield":2,"minecraft:wooden_pickaxe":11,"minecraft:iron_sword":109,"minecraft:cracked_stone_bricks":1,"minecraft:dirt":16,"minecraft:mushroom_stew":1,"minecraft:cod_bucket":4,"minecraft:painting":23,"simplyswords:iron_greathammer":3,"tombstone:tablet_of_cupidity":3,"minecraft:bread":12,"minecraft:iron_pickaxe":30,"minecraft:stone_axe":2,"minecraft:sweet_berries":2,"minecraft:cooked_porkchop":1,"minecraft:cooked_cod":3,"minecraft:bucket":9,"minecraft:gray_bed":3,"chococraft:gysahl_green":1,"minecraft:tropical_fish_bucket":2,"minecraft:cooked_beef":3},"minecraft:mined":{"minecraft:waxed_cut_copper_stairs":1,"minecraft:smithing_table":1,"minecraft:birch_stairs":1,"iceandfire:silver_ore":4,"minecraft:crafting_table":3,"minecraft:cyan_stained_glass_pane":1,"biomesoplenty:bush":4,"minecraft:grass_block":2,"biomesoplenty:high_grass_plant":15,"minecraft:tall_grass":1,"minecraft:quartz_bricks":1,"biomesoplenty:sprout":3,"biomesoplenty:huge_clover_petal":8,"minecraft:spawner":1,"minecraft:skeleton_skull":4,"minecraft:brick_slab":1,"minecraft:furnace":2,"minecraft:sea_pickle":1,"minecraft:birch_log":4,"minecraft:fire":1,"minecraft:gray_bed":4,"minecraft:birch_leaves":1,"minecraft:andesite":1,"minecraft:waxed_copper_block":5,"biomesoplenty:clover":1,"chococraft:gysahl_green":3,"minecraft:grass":46,"biomesoplenty:high_grass":4,"minecraft:vine":1,"minecraft:cracked_stone_bricks":3,"minecraft:stone":10,"minecraft:cake":1,"minecraft:oak_leaves":1,"minecraft:waxed_cut_copper":2},"minecraft:picked_up":{"minecraft:birch_log":4,"minecraft:crafting_table":3,"minecraft:cooked_beef":5,"minecraft:leather":2,"minecraft:andesite":1,"minecraft:smithing_table":1,"minecraft:birch_planks":4,"minecraft:mushroom_stew":1,"minecraft:waxed_copper_block":5,"iceandfire:ectoplasm":3,"minecraft:shield":1,"minecraft:dirt":19,"minecraft:item_frame":2,"chococraft:chocobo_feather":2,"minecraft:bone":2,"chococraft:gysahl_green":65,"minecraft:sea_pickle":1,"minecraft:cracked_stone_bricks":3,"minecraft:wheat_seeds":7,"minecraft:iron_ingot":6,"minecraft:rose_bush":1,"minecraft:poppy":2,"minecraft:gray_bed":4,"minecraft:iron_sword":1,"minecraft:furnace":2,"minecraft:cooked_porkchop":1,"minecraft:glow_item_frame":1,"minecraft:birch_stairs":1,"tombstone:grave_dust":2,"chococraft:gysahl_green_seeds":2,"minecraft:arrow":5,"minecraft:quartz_bricks":3,"minecraft:rotten_flesh":5,"chococraft:chocobo_whistle":2,"minecraft:painting":18,"minecraft:birch_sign":1,"minecraft:saddle":1,"minecraft:cod":3,"minecraft:coal":32,"minecraft:skeleton_skull":4,"iceandfire:raw_silver":8,"minecraft:cobblestone":11},"minecraft:custom":{"minecraft:interact_with_smithing_table":2,"minecraft:interact_with_furnace":9,"minecraft:mob_kills":25,"minecraft:interact_with_crafting_table":22,"minecraft:interact_with_cartography_table":1,"minecraft:open_barrel":5,"minecraft:eat_cake_slice":3,"minecraft:leave_game":3,"minecraft:time_since_death":33091,"minecraft:sleep_in_bed":3,"minecraft:climb_one_cm":5664,"minecraft:time_since_rest":12120,"minecraft:sprint_one_cm":257444,"minecraft:damage_taken":2147483647,"minecraft:walk_one_cm":183951,"minecraft:damage_blocked_by_shield":25,"minecraft:trigger_trapped_chest":2,"minecraft:drop":14,"minecraft:damage_dealt":6551,"minecraft:swim_one_cm":61154,"minecraft:fly_one_cm":410985,"minecraft:open_chest":71,"minecraft:crouch_one_cm":3796,"minecraft:play_time":90906,"tombstone:undead_killed":18,"minecraft:deaths":2,"minecraft:sneak_time":1317,"minecraft:walk_under_water_one_cm":15404,"minecraft:jump":1804,"minecraft:interact_with_blast_furnace":2,"minecraft:walk_on_water_one_cm":25277,"minecraft:total_world_time":90906,"minecraft:interact_with_smoker":1,"minecraft:fall_one_cm":55546},"minecraft:broken":{"mowziesmobs:umvuthana_mask_faith":1,"minecraft:iron_boots":1,"minecraft:iron_chestplate":2,"minecraft:iron_leggings":1},"minecraft:killed_by":{"iceandfire:gorgon":2},"minecraft:crafted":{"minecraft:cooked_cod":3,"iceandfire:silver_ingot":3,"minecraft:wooden_pickaxe":1,"minecraft:iron_helmet":1,"minecraft:iron_sword":2,"minecraft:birch_planks":12,"minecraft:stone_axe":1,"minecraft:air":0,"minecraft:iron_boots":1,"minecraft:iron_chestplate":1,"minecraft:shield":2,"minecraft:stick":12,"minecraft:iron_pickaxe":1,"minecraft:stone_pickaxe":1,"minecraft:stone_sword":1,"minecraft:iron_leggings":1,"chococraft:chocobo_saddle":1},"minecraft:dropped":{"minecraft:iron_ingot":1,"minecraft:furnace":1,"iceandfire:raw_silver":4,"minecraft:birch_planks":1,"minecraft:wheat_seeds":1,"chococraft:chocobo_feather":1,"minecraft:leather":2,"iceandfire:ectoplasm":1,"chococraft:chocobo_whistle":2,"minecraft:poppy":1,"minecraft:shield":1,"minecraft:iron_sword":1}},"DataVersion":3465}