{"stats":{"minecraft:killed":{"minecraft:iron_golem":1},"minecraft:used":{"minecraft:stone_axe":2,"minecraft:stone_sword":23,"minecraft:stone_pickaxe":1,"minecraft:wooden_pickaxe":11},"minecraft:mined":{"minecraft:furnace":1,"minecraft:sea_pickle":1,"minecraft:gray_bed":1,"minecraft:stone":10,"minecraft:smithing_table":1,"minecraft:oak_leaves":1,"minecraft:crafting_table":1},"minecraft:picked_up":{"minecraft:crafting_table":1,"minecraft:glow_item_frame":1,"minecraft:sea_pickle":1,"minecraft:smithing_table":1,"minecraft:iron_ingot":5,"minecraft:poppy":1,"minecraft:gray_bed":1,"minecraft:cobblestone":10,"minecraft:furnace":1},"minecraft:custom":{"minecraft:open_chest":10,"minecraft:time_since_rest":13508,"minecraft:interact_with_smithing_table":1,"minecraft:crouch_one_cm":302,"minecraft:play_time":13508,"minecraft:interact_with_furnace":2,"minecraft:sprint_one_cm":30487,"minecraft:damage_taken":103,"minecraft:walk_one_cm":17272,"minecraft:sneak_time":242,"minecraft:walk_under_water_one_cm":208,"minecraft:mob_kills":1,"minecraft:jump":211,"minecraft:damage_dealt":1071,"minecraft:walk_on_water_one_cm":991,"minecraft:time_since_death":13508,"minecraft:total_world_time":13508,"minecraft:swim_one_cm":1468,"minecraft:fall_one_cm":8087,"minecraft:interact_with_crafting_table":4,"minecraft:fly_one_cm":55013},"minecraft:crafted":{"minecraft:stone_sword":1,"minecraft:stone_axe":1,"minecraft:stick":8,"minecraft:wooden_pickaxe":1,"minecraft:stone_pickaxe":1}},"DataVersion":3465}