{"stats":{"minecraft:killed":{"ars_nouveau:drygmy":1,"minecraft:iron_golem":1,"minecraft:cod":3,"minecraft:zombie":4,"iceandfire:ghost":8,"alexsmobs:crow":1},"minecraft:used":{"minecraft:water_bucket":4,"minecraft:stone_sword":30,"minecraft:birch_planks":1,"minecraft:stone_pickaxe":4,"minecraft:baked_potato":5,"minecraft:wooden_pickaxe":11,"minecraft:iron_sword":66,"minecraft:cracked_stone_bricks":1,"minecraft:dirt":15,"minecraft:cod_bucket":4,"minecraft:painting":23,"simplyswords:iron_greathammer":3,"minecraft:bread":10,"minecraft:iron_pickaxe":29,"minecraft:stone_axe":2,"minecraft:sweet_berries":2,"minecraft:cooked_cod":3,"minecraft:bucket":8,"minecraft:gray_bed":2,"minecraft:tropical_fish_bucket":2,"minecraft:cooked_beef":3},"minecraft:mined":{"minecraft:waxed_cut_copper":2,"minecraft:smithing_table":1,"minecraft:birch_stairs":1,"iceandfire:silver_ore":4,"minecraft:crafting_table":2,"minecraft:cyan_stained_glass_pane":1,"biomesoplenty:bush":4,"minecraft:grass_block":1,"minecraft:tall_grass":1,"minecraft:quartz_bricks":1,"biomesoplenty:sprout":3,"minecraft:skeleton_skull":4,"minecraft:brick_slab":1,"minecraft:furnace":2,"minecraft:sea_pickle":1,"minecraft:birch_log":4,"minecraft:fire":1,"minecraft:gray_bed":3,"minecraft:andesite":1,"minecraft:waxed_copper_block":5,"minecraft:grass":29,"minecraft:vine":1,"minecraft:cracked_stone_bricks":3,"minecraft:stone":10,"minecraft:cake":1,"minecraft:oak_leaves":1,"minecraft:waxed_cut_copper_stairs":1},"minecraft:picked_up":{"minecraft:birch_log":4,"minecraft:crafting_table":2,"minecraft:cooked_beef":5,"minecraft:andesite":1,"minecraft:smithing_table":1,"minecraft:birch_planks":4,"minecraft:mushroom_stew":1,"minecraft:waxed_copper_block":5,"iceandfire:ectoplasm":3,"minecraft:shield":1,"minecraft:dirt":18,"minecraft:item_frame":2,"minecraft:sea_pickle":1,"minecraft:cracked_stone_bricks":3,"minecraft:wheat_seeds":6,"minecraft:iron_ingot":6,"minecraft:poppy":2,"minecraft:gray_bed":3,"minecraft:furnace":2,"minecraft:cooked_porkchop":1,"minecraft:glow_item_frame":1,"minecraft:birch_stairs":1,"minecraft:quartz_bricks":3,"minecraft:rotten_flesh":4,"minecraft:painting":18,"minecraft:birch_sign":1,"minecraft:cod":3,"minecraft:coal":32,"minecraft:skeleton_skull":4,"iceandfire:raw_silver":8,"minecraft:cobblestone":11},"minecraft:custom":{"minecraft:interact_with_smithing_table":2,"minecraft:interact_with_furnace":9,"minecraft:mob_kills":18,"minecraft:interact_with_crafting_table":19,"minecraft:interact_with_cartography_table":1,"minecraft:open_barrel":4,"minecraft:eat_cake_slice":3,"minecraft:leave_game":3,"minecraft:time_since_death":9216,"minecraft:sleep_in_bed":2,"minecraft:climb_one_cm":4431,"minecraft:time_since_rest":4377,"minecraft:sprint_one_cm":209001,"minecraft:damage_taken":2147483647,"minecraft:walk_one_cm":144878,"minecraft:trigger_trapped_chest":2,"minecraft:drop":9,"minecraft:damage_dealt":4776,"minecraft:swim_one_cm":54316,"minecraft:fly_one_cm":345011,"minecraft:open_chest":61,"minecraft:crouch_one_cm":2403,"minecraft:play_time":67031,"tombstone:undead_killed":12,"minecraft:deaths":2,"minecraft:sneak_time":888,"minecraft:walk_under_water_one_cm":5182,"minecraft:jump":1468,"minecraft:interact_with_blast_furnace":2,"minecraft:walk_on_water_one_cm":17902,"minecraft:total_world_time":67031,"minecraft:interact_with_smoker":1,"minecraft:fall_one_cm":43984},"minecraft:broken":{"mowziesmobs:umvuthana_mask_faith":1,"minecraft:iron_boots":1,"minecraft:iron_chestplate":2,"minecraft:iron_leggings":1},"minecraft:killed_by":{"iceandfire:gorgon":2},"minecraft:crafted":{"minecraft:cooked_cod":3,"iceandfire:silver_ingot":3,"minecraft:wooden_pickaxe":1,"minecraft:iron_helmet":1,"minecraft:iron_sword":2,"minecraft:birch_planks":12,"minecraft:stone_axe":1,"minecraft:air":0,"minecraft:iron_boots":1,"minecraft:iron_chestplate":1,"minecraft:shield":2,"minecraft:stick":12,"minecraft:iron_pickaxe":1,"minecraft:stone_pickaxe":1,"minecraft:stone_sword":1,"minecraft:iron_leggings":1},"minecraft:dropped":{"minecraft:iron_ingot":1,"minecraft:furnace":1,"iceandfire:raw_silver":4,"minecraft:birch_planks":1,"minecraft:wheat_seeds":1,"iceandfire:ectoplasm":1,"minecraft:poppy":1,"minecraft:shield":1}},"DataVersion":3465}