{"stats":{"minecraft:killed":{"ars_nouveau:drygmy":1,"minecraft:iron_golem":1,"minecraft:cod":3,"minecraft:zombie":4,"iceandfire:ghost":8},"minecraft:used":{"minecraft:water_bucket":4,"minecraft:stone_sword":30,"minecraft:stone_pickaxe":4,"minecraft:baked_potato":5,"minecraft:wooden_pickaxe":11,"minecraft:iron_sword":62,"minecraft:dirt":15,"minecraft:cod_bucket":4,"minecraft:painting":23,"simplyswords:iron_greathammer":3,"minecraft:bread":10,"minecraft:iron_pickaxe":21,"minecraft:stone_axe":2,"minecraft:sweet_berries":2,"minecraft:cooked_cod":3,"minecraft:bucket":8,"minecraft:gray_bed":1,"minecraft:tropical_fish_bucket":2,"minecraft:cooked_beef":3},"minecraft:mined":{"minecraft:waxed_cut_copper":2,"minecraft:waxed_cut_copper_stairs":1,"minecraft:smithing_table":1,"minecraft:birch_stairs":1,"iceandfire:silver_ore":4,"minecraft:crafting_table":2,"minecraft:cyan_stained_glass_pane":1,"biomesoplenty:bush":4,"minecraft:tall_grass":1,"minecraft:quartz_bricks":1,"minecraft:brick_slab":1,"minecraft:furnace":2,"minecraft:sea_pickle":1,"minecraft:gray_bed":2,"minecraft:andesite":1,"minecraft:waxed_copper_block":5,"minecraft:grass":27,"minecraft:cracked_stone_bricks":2,"minecraft:stone":10,"minecraft:cake":1,"minecraft:oak_leaves":1},"minecraft:picked_up":{"minecraft:crafting_table":2,"minecraft:cooked_beef":5,"minecraft:andesite":1,"minecraft:smithing_table":1,"minecraft:mushroom_stew":1,"minecraft:waxed_copper_block":5,"iceandfire:ectoplasm":3,"minecraft:dirt":18,"minecraft:item_frame":2,"minecraft:sea_pickle":1,"minecraft:cracked_stone_bricks":2,"minecraft:wheat_seeds":6,"minecraft:iron_ingot":5,"minecraft:poppy":2,"minecraft:gray_bed":2,"minecraft:furnace":2,"minecraft:cooked_porkchop":1,"minecraft:glow_item_frame":1,"minecraft:birch_stairs":1,"minecraft:quartz_bricks":3,"minecraft:rotten_flesh":4,"minecraft:painting":18,"minecraft:birch_sign":1,"minecraft:cod":3,"minecraft:coal":32,"iceandfire:raw_silver":8,"minecraft:cobblestone":10},"minecraft:custom":{"minecraft:interact_with_smithing_table":2,"minecraft:interact_with_furnace":9,"minecraft:mob_kills":17,"minecraft:interact_with_crafting_table":15,"minecraft:interact_with_cartography_table":1,"minecraft:open_barrel":4,"minecraft:eat_cake_slice":3,"minecraft:leave_game":1,"minecraft:time_since_death":3595,"minecraft:sleep_in_bed":1,"minecraft:climb_one_cm":2991,"minecraft:time_since_rest":1196,"minecraft:sprint_one_cm":181365,"minecraft:damage_taken":2147483647,"minecraft:walk_one_cm":119277,"minecraft:trigger_trapped_chest":2,"minecraft:drop":6,"minecraft:damage_dealt":4606,"minecraft:swim_one_cm":37757,"minecraft:fly_one_cm":307250,"minecraft:open_chest":61,"minecraft:crouch_one_cm":1165,"minecraft:play_time":55313,"tombstone:undead_killed":12,"minecraft:deaths":1,"minecraft:sneak_time":552,"minecraft:walk_under_water_one_cm":3708,"minecraft:jump":1330,"minecraft:interact_with_blast_furnace":2,"minecraft:walk_on_water_one_cm":15303,"minecraft:interact_with_smoker":1,"minecraft:total_world_time":55313,"minecraft:fall_one_cm":42484},"minecraft:broken":{"mowziesmobs:umvuthana_mask_faith":1,"minecraft:iron_boots":1,"minecraft:iron_chestplate":1,"minecraft:iron_leggings":1},"minecraft:killed_by":{"iceandfire:gorgon":1},"minecraft:crafted":{"minecraft:cooked_cod":3,"iceandfire:silver_ingot":3,"minecraft:wooden_pickaxe":1,"minecraft:iron_helmet":1,"minecraft:iron_sword":1,"minecraft:stone_axe":1,"minecraft:air":0,"minecraft:iron_boots":1,"minecraft:iron_chestplate":1,"minecraft:shield":1,"minecraft:stick":8,"minecraft:iron_pickaxe":1,"minecraft:stone_pickaxe":1,"minecraft:stone_sword":1,"minecraft:iron_leggings":1},"minecraft:dropped":{"minecraft:furnace":1,"iceandfire:raw_silver":4,"minecraft:wheat_seeds":1,"iceandfire:ectoplasm":1,"minecraft:poppy":1}},"DataVersion":3465}