{"stats":{"minecraft:killed":{"minecraft:cod":3,"minecraft:skeleton":9,"ars_nouveau:drygmy":1,"ars_nouveau:starbuncle":1,"minecraft:iron_golem":1,"minecraft:zombie":7,"iceandfire:ghost":8,"alexsmobs:crow":1,"chococraft:chocobo":2},"minecraft:used":{"minecraft:stone_sword":30,"minecraft:ladder":2,"minecraft:shield":7,"minecraft:iron_sword":157,"minecraft:dirt":18,"minecraft:spruce_stairs":2,"minecraft:cod_bucket":4,"minecraft:granite":10,"minecraft:bricks":1,"tombstone:tablet_of_cupidity":3,"minecraft:sweet_berries":2,"minecraft:furnace":1,"minecraft:cooked_cod":3,"minecraft:gray_bed":5,"minecraft:cooked_beef":3,"minecraft:water_bucket":11,"minecraft:diorite":7,"minecraft:birch_planks":1,"minecraft:stone_pickaxe":4,"minecraft:baked_potato":5,"minecraft:oak_planks":2,"minecraft:wooden_pickaxe":11,"minecraft:cracked_stone_bricks":1,"minecraft:terracotta":17,"minecraft:crafting_table":2,"minecraft:mushroom_stew":1,"minecraft:painting":23,"simplyswords:iron_greathammer":3,"minecraft:bread":32,"minecraft:iron_pickaxe":107,"minecraft:stone_axe":2,"minecraft:cobblestone":20,"minecraft:cooked_porkchop":1,"minecraft:bucket":14,"chococraft:gysahl_green":1,"minecraft:tropical_fish_bucket":2,"minecraft:experience_bottle":11},"minecraft:mined":{"minecraft:spruce_planks":1,"iceandfire:silver_ore":4,"minecraft:ladder":1,"minecraft:granite":11,"biomesoplenty:bush":4,"minecraft:grass_block":2,"minecraft:spawner":2,"minecraft:furnace":3,"minecraft:fire":1,"minecraft:andesite":1,"chococraft:gysahl_green":3,"biomesoplenty:high_grass":5,"minecraft:vine":1,"minecraft:stone":28,"minecraft:cake":1,"minecraft:waxed_cut_copper":2,"minecraft:smithing_table":1,"minecraft:waxed_cut_copper_stairs":1,"minecraft:birch_stairs":1,"minecraft:crafting_table":3,"minecraft:cyan_stained_glass_pane":1,"biomesoplenty:high_grass_plant":15,"minecraft:tall_grass":1,"minecraft:copper_ore":2,"minecraft:cobblestone":2,"minecraft:quartz_bricks":1,"minecraft:red_glazed_terracotta":2,"biomesoplenty:sprout":3,"biomesoplenty:huge_clover_petal":8,"minecraft:diorite":7,"minecraft:skeleton_skull":4,"minecraft:brick_slab":1,"minecraft:birch_log":4,"minecraft:sea_pickle":1,"minecraft:gray_bed":5,"minecraft:birch_leaves":9,"minecraft:waxed_copper_block":5,"minecraft:grass":46,"biomesoplenty:clover":1,"minecraft:dirt":2,"minecraft:cracked_stone_bricks":3,"minecraft:terracotta":23,"minecraft:oak_leaves":1},"minecraft:picked_up":{"minecraft:crafting_table":3,"minecraft:chainmail_boots":1,"minecraft:ladder":2,"minecraft:smithing_table":1,"minecraft:shield":1,"minecraft:raw_copper":9,"minecraft:item_frame":2,"minecraft:blue_orchid":1,"minecraft:sea_pickle":1,"minecraft:cracked_stone_bricks":3,"minecraft:rose_bush":1,"minecraft:poppy":2,"minecraft:iron_boots":1,"minecraft:furnace":3,"minecraft:stick":2,"minecraft:glow_item_frame":1,"minecraft:spruce_stairs":2,"tombstone:grave_dust":2,"minecraft:diorite":7,"minecraft:arrow":8,"minecraft:rotten_flesh":5,"minecraft:saddle":1,"minecraft:gold_ingot":3,"chococraft:chocobo_drumstick_raw":2,"minecraft:cod":3,"minecraft:skeleton_skull":4,"minecraft:cobblestone":28,"minecraft:birch_log":4,"minecraft:cooked_beef":5,"minecraft:andesite":1,"minecraft:red_glazed_terracotta":2,"minecraft:leather":2,"minecraft:birch_planks":4,"minecraft:mushroom_stew":1,"minecraft:chainmail_chestplate":1,"minecraft:waxed_copper_block":5,"iceandfire:ectoplasm":3,"minecraft:dirt":21,"chococraft:chocobo_feather":7,"minecraft:bone":7,"chococraft:gysahl_green":65,"minecraft:wheat_seeds":7,"minecraft:iron_ingot":6,"minecraft:gray_bed":6,"minecraft:iron_sword":2,"minecraft:book":2,"minecraft:cooked_porkchop":1,"minecraft:birch_stairs":1,"chococraft:gysahl_green_seeds":2,"minecraft:quartz_bricks":3,"chococraft:chocobo_whistle":2,"minecraft:granite":10,"minecraft:painting":18,"minecraft:birch_sign":1,"minecraft:emerald":3,"minecraft:bread":5,"minecraft:terracotta":22,"minecraft:bricks":1,"iceandfire:raw_silver":8,"minecraft:coal":63},"minecraft:custom":{"minecraft:interact_with_smithing_table":2,"minecraft:mob_kills":33,"minecraft:interact_with_crafting_table":25,"minecraft:open_barrel":6,"minecraft:eat_cake_slice":3,"minecraft:leave_game":3,"minecraft:time_since_death":57091,"minecraft:climb_one_cm":7674,"minecraft:sprint_one_cm":309247,"minecraft:walk_one_cm":224528,"minecraft:damage_blocked_by_shield":175,"minecraft:drop":15,"minecraft:play_time":114906,"minecraft:deaths":2,"minecraft:sneak_time":3408,"minecraft:walk_under_water_one_cm":28992,"minecraft:jump":2394,"minecraft:interact_with_blast_furnace":2,"minecraft:walk_on_water_one_cm":38176,"minecraft:total_world_time":114906,"minecraft:interact_with_furnace":10,"minecraft:interact_with_cartography_table":1,"minecraft:sleep_in_bed":4,"minecraft:time_since_rest":19634,"minecraft:damage_taken":2147483647,"minecraft:trigger_trapped_chest":2,"minecraft:damage_dealt":10523,"minecraft:swim_one_cm":72761,"minecraft:fly_one_cm":524219,"minecraft:open_chest":75,"minecraft:crouch_one_cm":11089,"tombstone:undead_killed":24,"minecraft:interact_with_smoker":1,"minecraft:fall_one_cm":74868},"minecraft:killed_by":{"iceandfire:gorgon":2},"minecraft:broken":{"mowziesmobs:umvuthana_mask_faith":1,"minecraft:iron_boots":1,"minecraft:iron_chestplate":2,"minecraft:iron_leggings":1},"minecraft:crafted":{"chococraft:chocobo_drumstick_cooked":2,"minecraft:iron_boots":1,"minecraft:stone_pickaxe":1,"minecraft:cooked_cod":3,"iceandfire:silver_ingot":3,"minecraft:wooden_pickaxe":1,"minecraft:iron_helmet":1,"minecraft:iron_sword":2,"minecraft:birch_planks":12,"minecraft:stone_axe":1,"minecraft:bread":5,"minecraft:air":0,"minecraft:iron_chestplate":1,"minecraft:shield":2,"minecraft:stick":12,"minecraft:iron_pickaxe":1,"minecraft:stone_sword":1,"minecraft:iron_leggings":1,"chococraft:chocobo_saddle":1},"minecraft:dropped":{"minecraft:iron_ingot":1,"minecraft:iron_sword":1,"iceandfire:raw_silver":4,"minecraft:birch_planks":1,"minecraft:wheat_seeds":1,"minecraft:leather":2,"iceandfire:ectoplasm":1,"chococraft:chocobo_whistle":2,"minecraft:furnace":1,"chococraft:chocobo_feather":1,"minecraft:honey_bottle":1,"minecraft:poppy":1,"minecraft:shield":1}},"DataVersion":3465}