{"stats":{"minecraft:killed":{"minecraft:spider":1,"minecraft:cod":3,"alexsmobs:tasmanian_devil":2,"minecraft:phantom":5,"minecraft:skeleton":60,"creeperoverhaul:dark_oak_creeper":1,"ars_nouveau:drygmy":1,"ars_nouveau:starbuncle":1,"minecraft:iron_golem":1,"minecraft:sheep":6,"mowziesmobs:lantern":1,"minecraft:zombie":11,"iceandfire:ghost":14,"ars_nouveau:wilden_stalker":5,"alexsmobs:crow":1,"chococraft:chocobo":2},"minecraft:used":{"minecraft:stone_sword":30,"minecraft:ladder":4,"minecraft:shield":8,"minecraft:iron_sword":453,"minecraft:dirt":22,"chococraft:chocobo_drumstick_cooked":2,"minecraft:spruce_stairs":2,"minecraft:cod_bucket":4,"minecraft:obsidian":4,"minecraft:granite":29,"minecraft:honey_bottle":10,"mowziesmobs:glowing_jelly":1,"minecraft:dark_oak_planks":8,"minecraft:bricks":1,"tombstone:tablet_of_cupidity":3,"minecraft:lantern":1,"minecraft:sweet_berries":2,"minecraft:furnace":2,"minecraft:cooked_cod":3,"minecraft:gray_bed":6,"tombstone:gift":3,"minecraft:cooked_beef":5,"minecraft:cooked_mutton":4,"minecraft:water_bucket":11,"minecraft:diorite":7,"minecraft:birch_planks":1,"minecraft:baked_potato":5,"minecraft:oak_planks":2,"minecraft:stone_pickaxe":4,"minecraft:ender_pearl":2,"minecraft:wooden_pickaxe":11,"minecraft:waxed_copper_block":5,"minecraft:cracked_stone_bricks":1,"minecraft:white_wool":2,"minecraft:terracotta":36,"minecraft:crafting_table":2,"ars_nouveau:archwood_planks":3,"minecraft:mushroom_stew":1,"minecraft:painting":23,"simplyswords:iron_greathammer":6,"tombstone:bag_of_seeds":2,"minecraft:dark_prismarine":47,"chococraft:gysahl_green_seeds":59,"minecraft:iron_pickaxe":280,"minecraft:bread":70,"minecraft:polished_granite":9,"minecraft:stone_axe":2,"minecraft:cobblestone":20,"minecraft:cooked_porkchop":1,"minecraft:bucket":14,"chococraft:gysahl_green":1,"minecraft:tropical_fish_bucket":2,"minecraft:bone_meal":54,"minecraft:experience_bottle":11},"minecraft:mined":{"minecraft:dark_oak_planks":1,"minecraft:dark_prismarine":42,"minecraft:spruce_planks":4,"ars_nouveau:archwood_chest":2,"iceandfire:silver_ore":4,"minecraft:dark_oak_log":2,"minecraft:ladder":1,"minecraft:granite":34,"biomesoplenty:bush":5,"minecraft:grass_block":9,"minecraft:spawner":7,"minecraft:large_fern":1,"minecraft:furnace":3,"biomesoplenty:toadstool":2,"iceandfire:crackled_grass":1,"minecraft:fire":1,"minecraft:acacia_wood":1,"minecraft:andesite":1,"minecraft:peony":1,"chococraft:gysahl_green":66,"minecraft:bookshelf":1,"biomesoplenty:high_grass":37,"minecraft:vine":2,"minecraft:stone":60,"minecraft:cake":1,"minecraft:waxed_cut_copper_stairs":1,"minecraft:waxed_cut_copper":2,"minecraft:smithing_table":1,"minecraft:birch_stairs":1,"minecraft:polished_granite":7,"minecraft:crafting_table":3,"minecraft:cyan_stained_glass_pane":1,"ars_nouveau:stripped_green_archwood_log":1,"minecraft:rose_bush":3,"biomesoplenty:high_grass_plant":76,"minecraft:copper_ore":2,"minecraft:tall_grass":4,"minecraft:cobblestone":2,"minecraft:quartz_bricks":1,"biomesoplenty:sprout":3,"minecraft:red_glazed_terracotta":2,"biomesoplenty:huge_clover_petal":8,"minecraft:bricks":1,"minecraft:diorite":7,"minecraft:skeleton_skull":4,"minecraft:red_terracotta":1,"minecraft:brick_slab":1,"minecraft:sea_pickle":1,"minecraft:birch_log":4,"minecraft:sweet_berry_bush":1,"minecraft:gray_bed":6,"minecraft:birch_leaves":23,"minecraft:waxed_copper_block":5,"minecraft:grass":67,"biomesoplenty:clover":1,"minecraft:dirt":11,"minecraft:cobweb":1,"minecraft:cracked_stone_bricks":4,"minecraft:terracotta":53,"minecraft:oak_leaves":5},"minecraft:picked_up":{"minecraft:crafting_table":3,"chococraft:loverly_gysahl_green":19,"minecraft:chainmail_boots":1,"minecraft:ladder":4,"minecraft:smithing_table":1,"mowziesmobs:glowing_jelly":1,"minecraft:shield":1,"minecraft:music_disc_cat":1,"minecraft:string":24,"minecraft:raw_copper":9,"minecraft:item_frame":2,"minecraft:blue_orchid":1,"minecraft:sea_pickle":1,"minecraft:cracked_stone_bricks":3,"minecraft:rose_bush":1,"ars_nouveau:stripped_green_archwood_log":1,"minecraft:poppy":2,"minecraft:birch_sapling":1,"minecraft:furnace":3,"minecraft:phantom_membrane":2,"minecraft:iron_boots":1,"iceandfire:pixie_dust":2,"minecraft:stick":4,"minecraft:glow_item_frame":1,"minecraft:spruce_stairs":2,"ars_nouveau:archwood_chest":2,"tombstone:grave_dust":4,"minecraft:diorite":7,"simplyswords:gold_spear":1,"iceandfire:silver_ingot":3,"minecraft:arrow":50,"minecraft:rotten_flesh":5,"minecraft:peony":1,"minecraft:saddle":1,"minecraft:gold_ingot":3,"chococraft:chocobo_drumstick_raw":2,"minecraft:cod":3,"minecraft:skeleton_skull":4,"minecraft:white_wool":8,"minecraft:cobblestone":28,"minecraft:birch_log":4,"minecraft:cooked_beef":5,"minecraft:andesite":1,"minecraft:red_glazed_terracotta":2,"minecraft:leather":2,"minecraft:birch_planks":4,"ars_nouveau:wilden_wing":6,"minecraft:mushroom_stew":1,"minecraft:waxed_copper_block":5,"minecraft:chainmail_chestplate":1,"iceandfire:ectoplasm":6,"minecraft:gunpowder":6,"minecraft:dirt":28,"minecraft:lantern":2,"tombstone:familiar_receptacle":1,"minecraft:polished_granite":10,"minecraft:cooked_mutton":9,"chococraft:chocobo_feather":13,"minecraft:bone":51,"chococraft:gysahl_green":202,"chococraft:gold_gysahl":1,"minecraft:wheat_seeds":12,"minecraft:iron_ingot":6,"tombstone:bag_of_seeds":2,"minecraft:gray_bed":7,"minecraft:iron_sword":2,"minecraft:oak_planks":1,"minecraft:book":10,"biomesoplenty:toadstool":2,"blue_skies:winter_leaf_seeds":2,"minecraft:cooked_porkchop":1,"minecraft:sweet_berries":3,"minecraft:birch_stairs":1,"chococraft:gysahl_green_seeds":63,"blue_skies:fiery_bean_seeds":3,"minecraft:dark_oak_log":3,"minecraft:spider_eye":1,"minecraft:dark_prismarine":47,"minecraft:quartz_bricks":3,"minecraft:pumpkin_seeds":7,"chococraft:chocobo_whistle":2,"minecraft:granite":43,"minecraft:painting":18,"minecraft:birch_sign":1,"minecraft:emerald":3,"minecraft:bread":5,"minecraft:terracotta":38,"minecraft:bricks":1,"minecraft:coal":63,"iceandfire:raw_silver":8},"minecraft:custom":{"minecraft:interact_with_smithing_table":2,"minecraft:interact_with_anvil":2,"minecraft:mob_kills":117,"minecraft:animals_bred":4,"minecraft:interact_with_crafting_table":27,"minecraft:open_barrel":49,"minecraft:eat_cake_slice":3,"minecraft:leave_game":14,"minecraft:time_since_death":62759,"minecraft:climb_one_cm":22675,"minecraft:sprint_one_cm":513803,"minecraft:walk_one_cm":555693,"minecraft:damage_blocked_by_shield":215,"minecraft:drop":33,"minecraft:play_time":227480,"minecraft:deaths":3,"minecraft:sneak_time":7854,"minecraft:walk_under_water_one_cm":31891,"minecraft:jump":3822,"minecraft:interact_with_blast_furnace":2,"minecraft:walk_on_water_one_cm":41091,"minecraft:total_world_time":227480,"minecraft:interact_with_furnace":11,"tombstone:raider_killed":5,"minecraft:interact_with_cartography_table":2,"minecraft:sleep_in_bed":5,"minecraft:time_since_rest":61118,"minecraft:damage_taken":2147483647,"minecraft:trigger_trapped_chest":4,"minecraft:damage_dealt":32018,"minecraft:swim_one_cm":78803,"minecraft:fly_one_cm":757868,"minecraft:open_chest":128,"minecraft:crouch_one_cm":25584,"tombstone:undead_killed":90,"minecraft:interact_with_smoker":1,"minecraft:fall_one_cm":122251},"minecraft:killed_by":{"iceandfire:gorgon":2,"alexsmobs:crocodile":1},"minecraft:broken":{"mowziesmobs:umvuthana_mask_faith":1,"minecraft:iron_boots":1,"minecraft:iron_chestplate":2,"minecraft:iron_leggings":1},"minecraft:crafted":{"chococraft:chocobo_whistle":1,"chococraft:chocobo_drumstick_cooked":2,"ars_nouveau:archwood_planks":4,"minecraft:iron_nugget":9,"minecraft:bone_meal":81,"minecraft:iron_boots":1,"minecraft:stone_pickaxe":1,"minecraft:dark_oak_planks":8,"ars_nouveau:ring_of_potential":1,"minecraft:cooked_cod":3,"iceandfire:silver_ingot":3,"minecraft:wooden_pickaxe":1,"minecraft:iron_helmet":1,"minecraft:iron_sword":2,"chococraft:chocopedia":1,"minecraft:birch_planks":12,"minecraft:stone_axe":1,"minecraft:bread":5,"minecraft:air":0,"minecraft:iron_chestplate":1,"minecraft:shield":2,"minecraft:stick":12,"minecraft:iron_pickaxe":1,"minecraft:stone_sword":1,"minecraft:iron_leggings":1,"chococraft:chocobo_saddle":1},"minecraft:dropped":{"minecraft:iron_ingot":1,"minecraft:iron_sword":1,"iceandfire:raw_silver":4,"minecraft:birch_planks":1,"minecraft:wheat_seeds":4,"minecraft:leather":2,"chococraft:gysahl_green_seeds":2,"minecraft:granite":8,"iceandfire:ectoplasm":1,"chococraft:chocobo_whistle":2,"tombstone:grave_dust":1,"minecraft:bone_meal":14,"minecraft:string":8,"minecraft:white_wool":2,"tombstone:familiar_receptacle":2,"minecraft:furnace":1,"chococraft:chocobo_feather":2,"ars_nouveau:archwood_planks":1,"minecraft:honey_bottle":1,"minecraft:pumpkin_seeds":4,"minecraft:poppy":1,"minecraft:shield":1,"simplyswords:gold_spear":1,"chococraft:gysahl_green":32,"minecraft:terracotta":2}},"DataVersion":3465}