{"stats":{"minecraft:crafted":{"chococraft:chocobo_whistle":1,"chococraft:chocobo_drumstick_cooked":2,"ars_nouveau:archwood_planks":4,"minecraft:iron_nugget":9,"comforts:sleeping_bag_white":1,"minecraft:stone_button":9,"minecraft:stone":9,"minecraft:bone_meal":81,"minecraft:heavy_weighted_pressure_plate":1,"minecraft:iron_boots":1,"minecraft:stone_pickaxe":1,"minecraft:dark_oak_planks":8,"ars_nouveau:ring_of_potential":1,"minecraft:cooked_cod":3,"iceandfire:silver_ingot":3,"minecraft:wooden_pickaxe":1,"minecraft:iron_helmet":1,"minecraft:iron_sword":2,"chococraft:chocopedia":1,"minecraft:birch_planks":12,"minecraft:stone_axe":1,"minecraft:bread":5,"minecraft:air":0,"minecraft:iron_chestplate":2,"minecraft:shield":2,"minecraft:stick":12,"minecraft:iron_pickaxe":1,"minecraft:stone_sword":1,"minecraft:iron_leggings":1,"chococraft:chocobo_saddle":1},"minecraft:broken":{"mowziesmobs:umvuthana_mask_faith":1,"minecraft:iron_boots":1,"minecraft:iron_chestplate":2,"minecraft:iron_leggings":1,"minecraft:iron_helmet":1},"minecraft:dropped":{"minecraft:iron_ingot":1,"minecraft:iron_sword":1,"iceandfire:raw_silver":4,"minecraft:birch_planks":1,"minecraft:wheat_seeds":4,"minecraft:leather":2,"iceandfire:ectoplasm":1,"chococraft:gysahl_green_seeds":4,"minecraft:granite":8,"chococraft:chocobo_whistle":2,"tombstone:grave_dust":1,"minecraft:bone_meal":14,"minecraft:sand":3,"minecraft:smooth_sandstone":3,"minecraft:string":8,"minecraft:white_wool":2,"tombstone:familiar_receptacle":2,"minecraft:furnace":1,"chococraft:chocobo_feather":2,"ars_nouveau:archwood_planks":1,"minecraft:honey_bottle":1,"minecraft:pumpkin_seeds":4,"minecraft:poppy":3,"minecraft:shield":1,"sophisticatedbackpacks:copper_backpack":1,"simplyswords:gold_spear":1,"chococraft:gysahl_green":227,"minecraft:terracotta":2},"minecraft:mined":{"minecraft:dark_oak_planks":1,"minecraft:dark_prismarine":42,"minecraft:spruce_planks":4,"ars_nouveau:archwood_chest":2,"iceandfire:silver_ore":4,"minecraft:jungle_leaves":3,"minecraft:dark_oak_log":2,"minecraft:ladder":1,"minecraft:granite":34,"biomesoplenty:bush":5,"minecraft:grass_block":9,"minecraft:spawner":8,"minecraft:large_fern":1,"minecraft:furnace":3,"biomesoplenty:toadstool":2,"minecraft:acacia_wood":1,"minecraft:fire":4,"iceandfire:crackled_grass":1,"minecraft:andesite":1,"minecraft:peony":1,"minecraft:bookshelf":1,"chococraft:gysahl_green":89,"biomesoplenty:high_grass":37,"minecraft:vine":2,"minecraft:stone":60,"minecraft:white_wool":2,"minecraft:cake":1,"ars_nouveau:purple_archwood_log":6,"minecraft:waxed_cut_copper_stairs":1,"minecraft:waxed_cut_copper":2,"minecraft:smithing_table":1,"minecraft:birch_stairs":1,"minecraft:polished_granite":7,"minecraft:crafting_table":3,"minecraft:cyan_stained_glass_pane":1,"ars_nouveau:stripped_green_archwood_log":1,"minecraft:rose_bush":3,"iceandfire:fire_lily":1,"biomesoplenty:high_grass_plant":76,"minecraft:copper_ore":2,"minecraft:tall_grass":4,"minecraft:cobblestone":8,"minecraft:quartz_bricks":1,"minecraft:cyan_bed":1,"biomesoplenty:sprout":3,"minecraft:red_glazed_terracotta":2,"biomesoplenty:huge_clover_petal":8,"minecraft:bricks":1,"minecraft:diorite":7,"minecraft:skeleton_skull":4,"minecraft:red_terracotta":1,"minecraft:brick_slab":1,"minecraft:sea_pickle":1,"minecraft:birch_log":4,"minecraft:sweet_berry_bush":1,"minecraft:gray_bed":6,"minecraft:birch_leaves":23,"minecraft:waxed_copper_block":5,"minecraft:grass":68,"biomesoplenty:clover":1,"minecraft:sand":1,"minecraft:dirt":11,"minecraft:cobweb":18,"minecraft:cracked_stone_bricks":4,"minecraft:terracotta":53,"minecraft:stone_bricks":15,"minecraft:oak_leaves":5},"minecraft:picked_up":{"minecraft:crafting_table":3,"chococraft:loverly_gysahl_green":21,"minecraft:chainmail_boots":1,"minecraft:ladder":4,"iceandfire:fire_lily":1,"minecraft:smithing_table":1,"mowziesmobs:glowing_jelly":1,"minecraft:shield":1,"minecraft:music_disc_cat":1,"minecraft:string":53,"minecraft:raw_copper":9,"minecraft:item_frame":2,"minecraft:blue_orchid":1,"minecraft:sea_pickle":1,"minecraft:cracked_stone_bricks":3,"comforts:sleeping_bag_white":1,"minecraft:rose_bush":1,"ars_nouveau:stripped_green_archwood_log":1,"minecraft:poppy":6,"minecraft:birch_sapling":1,"minecraft:furnace":3,"minecraft:phantom_membrane":2,"minecraft:iron_boots":1,"iceandfire:dragonbone":11,"iceandfire:dragonscales_green":36,"iceandfire:pixie_dust":2,"ars_nouveau:purple_archwood_log":6,"minecraft:stick":4,"minecraft:glow_item_frame":1,"minecraft:torch":3,"minecraft:spruce_stairs":3,"sophisticatedbackpacks:backpack":1,"ars_nouveau:archwood_chest":2,"minecraft:stone_button":1,"tombstone:grave_dust":6,"minecraft:diorite":7,"iceandfire:deathworm_chitin_white":1,"minecraft:smooth_sandstone_slab":2,"simplyswords:gold_spear":1,"iceandfire:silver_ingot":3,"minecraft:arrow":52,"minecraft:rotten_flesh":14,"minecraft:peony":1,"iceandfire:fire_dragon_heart":1,"minecraft:saddle":1,"minecraft:gold_ingot":3,"sophisticatedbackpacks:copper_backpack":2,"chococraft:chocobo_drumstick_raw":2,"minecraft:cod":3,"minecraft:skeleton_skull":4,"minecraft:white_wool":10,"minecraft:cobblestone":34,"minecraft:birch_log":4,"minecraft:cooked_beef":5,"minecraft:andesite":14,"minecraft:cut_sandstone":1,"minecraft:red_glazed_terracotta":2,"minecraft:leather":2,"minecraft:birch_planks":4,"ars_nouveau:wilden_wing":10,"minecraft:mushroom_stew":1,"minecraft:waxed_copper_block":5,"minecraft:chainmail_chestplate":1,"iceandfire:ectoplasm":6,"minecraft:gunpowder":6,"minecraft:dirt":28,"minecraft:lantern":2,"tombstone:familiar_receptacle":1,"minecraft:polished_granite":10,"minecraft:cooked_mutton":9,"minecraft:smooth_sandstone":5,"chococraft:chocobo_feather":28,"minecraft:bone":53,"chococraft:gysahl_green":242,"minecraft:stone_bricks":13,"chococraft:gold_gysahl":3,"minecraft:wheat_seeds":13,"minecraft:iron_ingot":10,"tombstone:bag_of_seeds":2,"minecraft:gray_bed":7,"minecraft:iron_sword":2,"minecraft:oak_planks":1,"minecraft:book":10,"biomesoplenty:toadstool":2,"blue_skies:winter_leaf_seeds":2,"minecraft:cooked_porkchop":1,"minecraft:sweet_berries":3,"patchouli:guide_book":1,"iceandfire:dragon_skull_fire":1,"minecraft:sand":10,"minecraft:birch_stairs":1,"chococraft:gysahl_green_seeds":88,"blue_skies:fiery_bean_seeds":3,"minecraft:cyan_bed":1,"minecraft:dark_oak_log":3,"minecraft:spider_eye":4,"minecraft:dark_prismarine":47,"minecraft:quartz_bricks":3,"minecraft:pumpkin_seeds":7,"chococraft:chocobo_whistle":2,"minecraft:granite":43,"minecraft:painting":18,"minecraft:birch_sign":1,"minecraft:bread":5,"minecraft:emerald":3,"minecraft:terracotta":38,"minecraft:bricks":1,"minecraft:coal":63,"iceandfire:raw_silver":8},"minecraft:killed":{"minecraft:cave_spider":3,"minecraft:spider":1,"minecraft:cod":3,"alexsmobs:tasmanian_devil":2,"minecraft:phantom":5,"minecraft:skeleton":61,"alexsmobs:blue_jay":1,"iceandfire:fire_dragon":1,"creeperoverhaul:dark_oak_creeper":1,"iceandfire:deathworm":1,"mowziesmobs:foliaath":1,"minecraft:husk":5,"alexsmobs:guster":1,"ars_nouveau:drygmy":2,"ars_nouveau:starbuncle":1,"minecraft:iron_golem":1,"minecraft:sheep":6,"mowziesmobs:lantern":1,"minecraft:zombie":14,"iceandfire:ghost":14,"ars_nouveau:wilden_stalker":9,"ars_nouveau:whirlisprig":1,"alexsmobs:fly":1,"alexsmobs:crow":1,"chococraft:chocobo":2},"minecraft:used":{"minecraft:stone_sword":30,"minecraft:ladder":4,"minecraft:shield":9,"minecraft:iron_sword":608,"chococraft:chocobo_drumstick_cooked":2,"minecraft:dirt":22,"minecraft:spruce_stairs":2,"minecraft:cod_bucket":4,"minecraft:obsidian":4,"minecraft:granite":29,"minecraft:honey_bottle":10,"mowziesmobs:glowing_jelly":1,"minecraft:dark_oak_planks":8,"ars_nouveau:archwood_chest":2,"minecraft:bricks":1,"tombstone:tablet_of_cupidity":3,"minecraft:lantern":1,"minecraft:sweet_berries":2,"minecraft:furnace":2,"minecraft:cooked_cod":3,"minecraft:gray_bed":6,"comforts:sleeping_bag_white":1,"tombstone:gift":3,"minecraft:cooked_beef":5,"minecraft:cooked_mutton":5,"minecraft:water_bucket":17,"minecraft:diorite":7,"minecraft:birch_planks":1,"minecraft:baked_potato":11,"minecraft:oak_planks":2,"minecraft:stone_pickaxe":4,"minecraft:ender_pearl":2,"minecraft:wooden_pickaxe":11,"minecraft:waxed_copper_block":5,"minecraft:cracked_stone_bricks":1,"minecraft:white_wool":2,"minecraft:sand":7,"minecraft:terracotta":36,"minecraft:crafting_table":2,"ars_nouveau:archwood_planks":3,"minecraft:mushroom_stew":1,"minecraft:painting":23,"simplyswords:iron_greathammer":6,"tombstone:bag_of_seeds":2,"minecraft:dark_prismarine":47,"chococraft:gysahl_green_seeds":82,"minecraft:iron_pickaxe":307,"minecraft:bread":70,"minecraft:polished_granite":9,"minecraft:stone_axe":2,"minecraft:cobblestone":20,"minecraft:cooked_porkchop":6,"minecraft:andesite":7,"minecraft:bucket":21,"chococraft:gysahl_green":1,"minecraft:tropical_fish_bucket":3,"minecraft:bone_meal":67,"minecraft:experience_bottle":11},"minecraft:custom":{"minecraft:interact_with_smithing_table":3,"minecraft:interact_with_anvil":3,"minecraft:mob_kills":144,"minecraft:animals_bred":5,"minecraft:interact_with_crafting_table":38,"minecraft:open_barrel":58,"minecraft:eat_cake_slice":3,"minecraft:leave_game":16,"minecraft:time_since_death":4975,"minecraft:climb_one_cm":23540,"minecraft:sprint_one_cm":622615,"minecraft:walk_one_cm":724145,"minecraft:damage_blocked_by_shield":240,"minecraft:drop":48,"minecraft:play_time":291650,"minecraft:deaths":6,"minecraft:sneak_time":8259,"minecraft:walk_under_water_one_cm":40939,"minecraft:jump":4679,"minecraft:interact_with_blast_furnace":2,"minecraft:walk_on_water_one_cm":57307,"minecraft:total_world_time":291650,"spartanshields:shield_bash_hits":1,"minecraft:interact_with_furnace":20,"tombstone:raider_killed":5,"minecraft:interact_with_cartography_table":2,"minecraft:sleep_in_bed":6,"minecraft:time_since_rest":4705,"minecraft:damage_taken":2147483647,"minecraft:trigger_trapped_chest":4,"minecraft:damage_dealt":38707,"minecraft:swim_one_cm":81295,"minecraft:fly_one_cm":984112,"minecraft:open_chest":147,"minecraft:crouch_one_cm":26519,"tombstone:undead_killed":99,"minecraft:interact_with_smoker":1,"minecraft:fall_one_cm":146722},"minecraft:killed_by":{"iceandfire:gorgon":2,"alexsmobs:crocodile":1}},"DataVersion":3465}