{"stats":{"minecraft:killed":{"minecraft:iron_golem":1},"minecraft:used":{"minecraft:stone_sword":30,"minecraft:bread":4,"minecraft:stone_pickaxe":4,"minecraft:baked_potato":1,"minecraft:wooden_pickaxe":11,"minecraft:stone_axe":2,"minecraft:gray_bed":1,"minecraft:painting":23},"minecraft:mined":{"minecraft:smithing_table":1,"minecraft:birch_stairs":1,"minecraft:brick_slab":1,"minecraft:furnace":1,"minecraft:sea_pickle":1,"minecraft:gray_bed":2,"minecraft:crafting_table":1,"minecraft:cyan_stained_glass_pane":1,"biomesoplenty:bush":2,"minecraft:quartz_bricks":1,"minecraft:stone":10,"minecraft:oak_leaves":1},"minecraft:picked_up":{"minecraft:crafting_table":1,"minecraft:glow_item_frame":1,"minecraft:smithing_table":1,"minecraft:birch_stairs":1,"minecraft:dirt":18,"minecraft:quartz_bricks":3,"minecraft:sea_pickle":1,"minecraft:iron_ingot":5,"minecraft:painting":18,"minecraft:birch_sign":1,"minecraft:poppy":2,"minecraft:gray_bed":2,"minecraft:cobblestone":10,"minecraft:furnace":1},"minecraft:custom":{"minecraft:time_since_rest":9350,"minecraft:interact_with_smithing_table":1,"minecraft:interact_with_furnace":2,"minecraft:sprint_one_cm":74663,"minecraft:damage_taken":253,"minecraft:walk_one_cm":59770,"minecraft:mob_kills":1,"minecraft:drop":1,"minecraft:damage_dealt":1321,"minecraft:interact_with_cartography_table":1,"minecraft:swim_one_cm":1468,"minecraft:interact_with_crafting_table":14,"minecraft:fly_one_cm":83019,"minecraft:open_barrel":2,"minecraft:open_chest":59,"minecraft:crouch_one_cm":566,"minecraft:play_time":25508,"minecraft:sneak_time":297,"minecraft:walk_under_water_one_cm":208,"minecraft:jump":369,"minecraft:time_since_death":25508,"minecraft:walk_on_water_one_cm":1364,"minecraft:sleep_in_bed":1,"minecraft:interact_with_smoker":1,"minecraft:climb_one_cm":840,"minecraft:total_world_time":25508,"minecraft:fall_one_cm":13075},"minecraft:crafted":{"minecraft:iron_boots":1,"minecraft:iron_chestplate":1,"minecraft:shield":1,"minecraft:stick":8,"minecraft:iron_pickaxe":1,"minecraft:iron_helmet":1,"minecraft:wooden_pickaxe":1,"minecraft:stone_pickaxe":1,"minecraft:stone_sword":1,"minecraft:iron_sword":1,"minecraft:iron_leggings":1,"minecraft:stone_axe":1},"minecraft:dropped":{"minecraft:poppy":1}},"DataVersion":3465}