{"stats":{"minecraft:crafted":{"minecraft:oak_planks":8,"minecraft:crafting_table":1,"minecraft:stick":4},"minecraft:killed":{"minecraft:pig":1},"minecraft:used":{"minecraft:crafting_table":1},"minecraft:picked_up":{"minecraft:porkchop":1,"minecraft:oak_log":2,"minecraft:dirt":3},"minecraft:custom":{"minecraft:time_since_rest":8324,"minecraft:crouch_one_cm":112,"minecraft:sprint_one_cm":7812,"minecraft:play_time":8324,"minecraft:walk_one_cm":10966,"minecraft:sneak_time":46,"minecraft:mob_kills":1,"minecraft:jump":68,"minecraft:damage_dealt":110,"minecraft:leave_game":1,"minecraft:time_since_death":8324,"minecraft:total_world_time":8324,"minecraft:interact_with_crafting_table":1,"minecraft:fall_one_cm":1788,"minecraft:fly_one_cm":8260},"minecraft:mined":{"minecraft:grass_block":4,"minecraft:oak_log":2}},"DataVersion":3465}