{"stats":{"minecraft:killed":{"minecraft:cave_spider":6,"minecraft:spider":11,"aquaculture:gar":1,"minecraft:skeleton":21,"minecraft:chicken":6,"mowziesmobs:umvuthana_crane":8,"minecraft:silverfish":1,"minecraft:pig":14,"alexsmobs:grizzly_bear":2,"minecraft:sheep":6,"minecraft:zombie":15,"mowziesmobs:naga":3,"chococraft:chocobo":2,"alexsmobs:raccoon":1,"iceandfire:siren":2,"minecraft:llama":1,"aquaculture:brown_trout":1,"cataclysm:lionfish":1,"minecraft:drowned":1,"iceandfire:deathworm":3,"mowziesmobs:umvuthana":5,"cataclysm:deepling_angler":1,"iceandfire:ghost":10,"creeperoverhaul:ocean_creeper":1,"minecraft:enderman":1},"minecraft:used":{"alexsmobs:emu_egg":1,"minecraft:iron_shovel":340,"mowziesmobs:umvuthana_mask_fear":23,"aquaculture:brown_trout":1,"minecraft:chest":105,"minecraft:iron_sword":185,"minecraft:iron_chestplate":1,"blue_skies:bluebright_chest":2,"iceandfire:cannoli":1,"mowziesmobs:umvuthana_mask_faith":24,"minecraft:lantern":2,"minecraft:dark_oak_leaves":1,"minecraft:light_blue_bed":3,"simplyswords:iron_longsword":238,"chococraft:pickled_gysahl_cooked":1,"minecraft:stone_brick_stairs":49,"minecraft:stone_bricks":91,"minecraft:item_frame":32,"minecraft:bow":57,"spartanshields:iron_basic_shield":107,"ars_nouveau:archwood_door":1,"minecraft:oak_sapling":7,"minecraft:furnace":7,"minecraft:diorite":1,"iceandfire:armor_sapphire_chestplate":1,"minecraft:stone_pickaxe":131,"minecraft:oak_planks":114,"minecraft:ender_pearl":15,"minecraft:wooden_pickaxe":18,"minecraft:sugar_cane":17,"minecraft:oak_leaves":5,"ars_nouveau:archwood_planks":54,"minecraft:blast_furnace":5,"minecraft:shears":26,"simplyswords:iron_greathammer":15,"minecraft:acacia_door":1,"minecraft:bread":48,"tombstone:grave_key":6,"biomesoplenty:glowing_moss_carpet":21,"aquaculture:gar":1,"minecraft:diamond_sword":38,"minecraft:fire_charge":12,"minecraft:grindstone":1,"minecraft:enchanting_table":1,"minecraft:armor_stand":2,"simplyswords:iron_warglaive":57,"minecraft:spruce_planks":257,"minecraft:cooked_chicken":2,"minecraft:torch":19,"minecraft:dirt":607,"minecraft:anvil":2,"minecraft:spruce_stairs":203,"immersive_armors:slime_boots":1,"minecraft:cobblestone_wall":8,"minecraft:cod_bucket":3,"minecraft:granite":1,"minecraft:spruce_fence":10,"minecraft:stone_brick_slab":29,"minecraft:bookshelf":12,"minecraft:iron_axe":112,"minecraft:oak_stairs":19,"minecraft:spruce_button":17,"biomesoplenty:orange_sand":1,"minecraft:iron_boots":1,"minecraft:barrel":25,"cataclysm:mechanical_fusion_anvil":1,"chococraft:yellow_chocobo_spawn_egg":2,"biomesoplenty:hellbark_door":2,"tombstone:gift":8,"torchmaster:megatorch":4,"comforts:sleeping_bag_white":14,"minecraft:trapped_chest":1,"minecraft:cooked_beef":75,"minecraft:iron_leggings":1,"minecraft:cooked_mutton":9,"minecraft:water_bucket":141,"minecraft:baked_potato":25,"iceandfire:armor_sapphire_helmet":1,"minecraft:spruce_fence_gate":30,"minecraft:glow_item_frame":1,"minecraft:crafting_table":11,"simplyswords:iron_greataxe":1,"minecraft:campfire":115,"minecraft:painting":5,"minecraft:spruce_log":4,"minecraft:smoker":5,"minecraft:oak_log":304,"minecraft:flower_pot":5,"chococraft:gysahl_green_seeds":10,"tombstone:tablet_of_assistance":3,"minecraft:iron_pickaxe":301,"immersive_armors:slime_leggings":1,"minecraft:spruce_trapdoor":5,"minecraft:stone_axe":93,"minecraft:cobblestone":20,"minecraft:cooked_porkchop":10,"minecraft:bucket":143,"minecraft:glass_pane":20,"minecraft:stripped_oak_log":2,"minecraft:gray_wool":96,"minecraft:soul_torch":1},"minecraft:mined":{"minecraft:spruce_planks":8,"minecraft:cobblestone_stairs":1,"minecraft:granite":4,"minecraft:grass_block":200,"biomesoplenty:flowering_oak_leaves":8,"minecraft:chiseled_stone_bricks":1,"minecraft:spawner":9,"minecraft:iron_ore":80,"minecraft:fire":1,"minecraft:barrel":1,"minecraft:deepslate_lapis_ore":5,"minecraft:anvil":1,"minecraft:pointed_dripstone":2,"iceandfire:gold_pile":9,"minecraft:oak_stairs":4,"minecraft:iron_bars":2,"minecraft:light_gray_concrete":12,"minecraft:tripwire":3,"biomesoplenty:glowing_moss_carpet":4,"ars_nouveau:light_block":1,"minecraft:chiseled_quartz_block":1,"minecraft:torch":3,"iceandfire:ghost_chest":1,"minecraft:chest":14,"minecraft:cobblestone":23,"minecraft:sugar_cane":9,"minecraft:oak_planks":5,"minecraft:wall_torch":2,"ars_nouveau:archwood_planks":1,"minecraft:wither_rose":2,"minecraft:stone_brick_stairs":3,"minecraft:grass":28,"minecraft:oak_log":41,"minecraft:dirt":32,"minecraft:smooth_quartz":4,"minecraft:tripwire_hook":1,"minecraft:oak_leaves":45,"minecraft:deepslate":2,"biomesoplenty:reed":1,"iceandfire:chared_stone":1,"minecraft:light_gray_stained_glass_pane":1,"iceandfire:silver_ore":13,"minecraft:quartz_stairs":1,"minecraft:mossy_cobblestone":1,"minecraft:deepslate_diamond_ore":2,"biomesoplenty:desert_grass":4,"minecraft:dark_oak_log":21,"torchmaster:megatorch":3,"minecraft:glow_lichen":2,"minecraft:ladder":1,"biomesoplenty:bush":12,"minecraft:spruce_leaves":6,"minecraft:hay_block":18,"minecraft:furnace":1,"iceandfire:chared_gravel":1,"minecraft:andesite":2,"ars_nouveau:bombegranate_pod":1,"minecraft:peony":5,"minecraft:bookshelf":7,"minecraft:deepslate_iron_ore":10,"biomesoplenty:mahogany_leaves":1,"minecraft:vine":3,"minecraft:stripped_oak_log":2,"ars_nouveau:rune":5,"minecraft:stone":64,"minecraft:redstone_block":1,"ars_nouveau:green_archwood_log":1,"minecraft:cyan_stained_glass_pane":1,"minecraft:sculk_sensor":1,"minecraft:campfire":1,"minecraft:tall_grass":2,"minecraft:quartz_bricks":1,"minecraft:deepslate_coal_ore":9,"minecraft:lapis_ore":5,"minecraft:deepslate_gold_ore":1,"minecraft:diorite":2,"minecraft:spruce_stairs":11,"minecraft:gray_wool":115,"ars_nouveau:blue_archwood_log":17,"minecraft:spruce_log":30,"minecraft:coal_ore":142,"minecraft:dripstone_block":1,"minecraft:cobweb":13,"minecraft:stone_bricks":5,"minecraft:gold_ore":12,"minecraft:infested_stone":1},"minecraft:picked_up":{"ars_nouveau:caster_tome":1,"minecraft:flower_pot":62,"minecraft:anvil":1,"minecraft:lead":1,"minecraft:oak_stairs":26,"minecraft:potion":1,"minecraft:wither_rose":2,"minecraft:enchanted_book":2,"ars_nouveau:bombegranate_pod":3,"minecraft:stone_brick_stairs":128,"sophisticatedbackpacks:magnet_upgrade":2,"minecraft:string":34,"minecraft:iron_leggings":1,"minecraft:gold_nugget":140,"minecraft:cobbled_deepslate":3,"comforts:sleeping_bag_white":13,"minecraft:spruce_planks":27,"minecraft:smooth_quartz":3,"minecraft:furnace":1,"minecraft:iron_boots":1,"minecraft:stick":4,"minecraft:oak_fence":1,"minecraft:torch":9,"minecraft:spruce_stairs":11,"minecraft:porkchop":18,"minecraft:pointed_dripstone":10,"tombstone:grave_dust":5,"minecraft:diorite":2,"minecraft:rotten_flesh":17,"iceandfire:deathworm_chitin_yellow":2,"alexsmobs:emu_egg":1,"chococraft:chocobo_drumstick_raw":2,"minecraft:cod":1,"minecraft:iron_bars":1,"minecraft:cobblestone":463,"minecraft:feather":20,"minecraft:cooked_beef":58,"minecraft:andesite":3,"minecraft:lapis_lazuli":65,"minecraft:dirt":227,"minecraft:lantern":2,"minecraft:bone":39,"minecraft:bow":2,"minecraft:wheat_seeds":25,"minecraft:raw_gold":12,"minecraft:oak_planks":58,"aquaculture:gar":1,"minecraft:cooked_porkchop":9,"torchmaster:megatorch":3,"sophisticatedbackpacks:iron_backpack":1,"simplyswords:iron_greathammer":1,"minecraft:dark_oak_log":21,"minecraft:barrel":1,"minecraft:quartz_bricks":498,"minecraft:bundle":1,"cataclysm:lionfish":1,"minecraft:light_gray_concrete":10,"minecraft:spruce_fence_gate":1,"minecraft:diamond":2,"minecraft:granite":4,"minecraft:bone_meal":2,"minecraft:bread":36,"minecraft:oak_sapling":7,"iceandfire:raw_silver":14,"minecraft:fishing_rod":1,"minecraft:charcoal":4,"minecraft:chicken":6,"minecraft:ladder":1,"minecraft:leather_leggings":1,"ars_nouveau:amplify_arrow":1,"ars_nouveau:archwood_planks":1,"minecraft:acacia_door":1,"minecraft:item_frame":3,"simplyswords:iron_longsword":1,"minecraft:light_gray_wool":1,"minecraft:spruce_slab":64,"tombstone:tablet_of_assistance":1,"minecraft:quartz_stairs":24,"minecraft:sugar_cane":17,"minecraft:chest":14,"minecraft:egg":9,"minecraft:dark_oak_sapling":2,"minecraft:raw_iron":99,"sophisticatedbackpacks:backpack":1,"ars_nouveau:blue_archwood_log":16,"minecraft:quartz_pillar":70,"minecraft:music_disc_11":1,"ars_nouveau:wixie_shards":1,"ars_nouveau:green_archwood_log":1,"mowziesmobs:umvuthana_mask_faith":3,"minecraft:arrow":26,"minecraft:peony":7,"aquaculture:brown_trout":1,"minecraft:hay_block":18,"mowziesmobs:umvuthana_mask_bliss":1,"sophisticatedbackpacks:copper_backpack":1,"minecraft:mutton":11,"minecraft:skeleton_skull":1,"minecraft:white_wool":4,"minecraft:oxeye_daisy":1,"minecraft:stripped_oak_log":34,"minecraft:salmon":6,"alexsmobs:acacia_blossom":1,"minecraft:oak_log":114,"biomesoplenty:glowing_moss_carpet":4,"chococraft:chocobo_feather":1,"minecraft:apple":1,"minecraft:stone_bricks":389,"minecraft:iron_ingot":9,"minecraft:iron_sword":1,"minecraft:acacia_sapling":2,"sophisticatedbackpacks:diamond_backpack":1,"minecraft:book":21,"iceandfire:copper_nugget":8,"simplyswords:iron_greataxe":1,"minecraft:dripstone_block":1,"minecraft:spruce_sapling":4,"minecraft:spruce_log":29,"minecraft:spider_eye":14,"minecraft:brick_slab":4,"mowziesmobs:naga_fang":2,"ars_nouveau:wilden_spike":1,"minecraft:stone_axe":1,"minecraft:gray_wool":129,"mowziesmobs:umvuthana_mask_fear":3,"tombstone:magic_scroll":1,"minecraft:black_wool":1,"minecraft:coal":204},"minecraft:custom":{"minecraft:interact_with_crafting_table":44,"minecraft:open_barrel":10,"goblintraders:trade_with_goblin":30,"minecraft:bell_ring":3,"minecraft:leave_game":10,"minecraft:time_since_death":240954,"minecraft:sprint_one_cm":1482621,"minecraft:damage_blocked_by_shield":1964,"minecraft:drop":249,"minecraft:talked_to_villager":9,"minecraft:play_time":512166,"minecraft:deaths":20,"minecraft:jump":9222,"minecraft:walk_on_water_one_cm":116693,"minecraft:interact_with_furnace":76,"minecraft:traded_with_villager":1,"minecraft:interact_with_cartography_table":1,"minecraft:sleep_in_bed":21,"minecraft:damage_dealt":26434,"minecraft:crouch_one_cm":172663,"tombstone:undead_killed":47,"minecraft:interact_with_smithing_table":1,"minecraft:interact_with_anvil":2,"minecraft:mob_kills":137,"minecraft:damage_dealt_resisted":437,"minecraft:climb_one_cm":30773,"minecraft:walk_one_cm":1023644,"minecraft:damage_dealt_absorbed":241,"minecraft:sneak_time":38503,"minecraft:walk_under_water_one_cm":119660,"minecraft:total_world_time":512166,"spartanshields:shield_bash_hits":4,"minecraft:pot_flower":4,"minecraft:time_since_rest":2421,"minecraft:damage_taken":15166,"minecraft:trigger_trapped_chest":8,"minecraft:swim_one_cm":120953,"minecraft:fly_one_cm":2175442,"minecraft:open_chest":177,"minecraft:fall_one_cm":294921},"minecraft:killed_by":{"iceandfire:fire_dragon":1},"minecraft:broken":{"minecraft:iron_boots":2,"minecraft:iron_chestplate":1,"minecraft:iron_leggings":1,"minecraft:stone_pickaxe":1,"minecraft:iron_pickaxe":1,"minecraft:iron_helmet":1},"minecraft:crafted":{"minecraft:oak_planks":24,"ars_nouveau:archwood_planks":68,"minecraft:cooked_chicken":2,"minecraft:cooked_mutton":13,"spartanshields:iron_basic_shield":1,"minecraft:iron_boots":1,"tombstone:grave_key":5,"minecraft:chest":4,"blue_skies:blue_journal":1,"minecraft:cooked_porkchop":10,"minecraft:crafting_table":10,"minecraft:spruce_planks":32,"minecraft:wooden_pickaxe":1,"minecraft:iron_helmet":1,"minecraft:iron_chestplate":1,"minecraft:stick":16,"minecraft:iron_ingot":99,"minecraft:iron_pickaxe":1,"minecraft:gold_ingot":14,"spartanshields:wooden_basic_shield":1,"minecraft:shears":1,"comforts:sleeping_bag_white":2,"minecraft:furnace":2,"minecraft:stone_pickaxe":1,"minecraft:dark_oak_planks":32,"minecraft:wheat":162,"minecraft:bucket":1,"minecraft:stone_axe":1,"minecraft:bread":54,"minecraft:air":0,"minecraft:white_wool":2,"minecraft:iron_shovel":1,"minecraft:iron_leggings":1,"minecraft:torch":16},"minecraft:dropped":{"sophisticatedbackpacks:iron_backpack":2,"minecraft:lapis_lazuli":64,"minecraft:cooked_beef":77,"minecraft:oak_log":391,"minecraft:loom":1,"minecraft:ender_pearl":1,"minecraft:lantern":64,"tombstone:tablet_of_assistance":1,"minecraft:fletching_table":1,"minecraft:cod":1,"minecraft:music_disc_11":1,"minecraft:dirt":2,"minecraft:cornflower":1,"minecraft:gold_nugget":2,"minecraft:bone_meal":1,"biomesoplenty:glowflower":1,"minecraft:stone_axe":1,"ars_nouveau:wilden_spike":1,"minecraft:cobbled_deepslate":3,"minecraft:grindstone":1,"minecraft:oak_planks":276,"minecraft:cooked_mutton":2,"minecraft:salmon":5,"sophisticatedbackpacks:diamond_backpack":1,"biomesoplenty:wildflower":1,"minecraft:chest":64,"minecraft:ladder":1,"minecraft:acacia_sapling":2,"minecraft:leather_leggings":1,"comforts:sleeping_bag_white":1,"minecraft:spruce_slab":128,"minecraft:iron_bars":1,"minecraft:campfire":143,"minecraft:stone_brick_stairs":128,"minecraft:oak_leaves":64,"minecraft:cartography_table":1,"minecraft:egg":4,"ars_nouveau:wixie_shards":1,"minecraft:enchanted_book":2,"minecraft:water_bucket":1,"minecraft:torchflower":1,"minecraft:bread":59,"minecraft:wheat_seeds":6,"minecraft:smithing_table":1,"minecraft:dripstone_block":1,"minecraft:book":3,"minecraft:cobblestone":579,"minecraft:granite":3,"minecraft:spruce_stairs":256,"minecraft:spruce_fence_gate":65,"minecraft:oxeye_daisy":1,"minecraft:gray_wool":9,"minecraft:diorite":1,"minecraft:torch":13,"tombstone:grave_key":2,"minecraft:smooth_quartz":3,"tombstone:grave_dust":3,"minecraft:potion":1,"minecraft:dead_bush":64,"minecraft:oak_stairs":213,"minecraft:stonecutter":1,"minecraft:iron_shovel":2,"minecraft:bucket":2,"ars_nouveau:caster_tome":1,"minecraft:anvil":1,"minecraft:cobblestone_wall":64,"minecraft:raw_iron":2,"minecraft:light_gray_wool":1,"minecraft:stripped_oak_log":64,"sophisticatedbackpacks:backpack":1,"minecraft:light_gray_concrete":10,"minecraft:spruce_fence":256,"minecraft:glass_pane":64,"minecraft:flower_pot":67,"minecraft:peony":1,"minecraft:spruce_trapdoor":256,"minecraft:spruce_planks":661,"sophisticatedbackpacks:magnet_upgrade":1,"minecraft:iron_chestplate":1,"simplyswords:iron_longsword":1,"minecraft:spider_eye":12,"minecraft:stone_bricks":768,"minecraft:bamboo":1,"sophisticatedbackpacks:copper_backpack":1,"minecraft:bow":1,"minecraft:wooden_pickaxe":1,"ars_nouveau:amplify_arrow":1,"minecraft:black_wool":1}},"DataVersion":3465}