{"stats":{"minecraft:dropped":{"ars_nouveau:wilden_spike":1,"minecraft:raw_iron":2,"minecraft:cooked_mutton":2,"sophisticatedbackpacks:magnet_upgrade":1,"minecraft:potion":1,"ars_nouveau:amplify_arrow":1,"ars_nouveau:wixie_shards":1,"ars_nouveau:caster_tome":1},"minecraft:crafted":{"minecraft:oak_planks":24,"minecraft:cooked_porkchop":4,"minecraft:crafting_table":1,"minecraft:spruce_planks":4,"minecraft:iron_helmet":1,"minecraft:wooden_pickaxe":1,"minecraft:furnace":1,"minecraft:stone_axe":1,"minecraft:cooked_mutton":5,"minecraft:air":0,"spartanshields:iron_basic_shield":1,"minecraft:iron_chestplate":1,"minecraft:iron_boots":1,"minecraft:stick":12,"minecraft:iron_pickaxe":1,"minecraft:iron_ingot":27,"minecraft:stone_pickaxe":1,"spartanshields:wooden_basic_shield":1,"minecraft:torch":4},"minecraft:killed":{"minecraft:cave_spider":3,"minecraft:pig":4,"minecraft:spider":2,"aquaculture:gar":1,"minecraft:skeleton":2,"minecraft:sheep":3,"minecraft:zombie":1,"aquaculture:brown_trout":1},"minecraft:used":{"minecraft:cooked_mutton":3,"minecraft:stone_pickaxe":131,"aquaculture:brown_trout":1,"minecraft:wooden_pickaxe":18,"minecraft:iron_chestplate":1,"minecraft:torch":5,"minecraft:dirt":18,"minecraft:crafting_table":1,"minecraft:iron_pickaxe":3,"minecraft:iron_boots":1,"aquaculture:gar":1,"minecraft:stone_axe":42,"minecraft:cobblestone":3,"minecraft:furnace":1,"minecraft:oak_sapling":5,"minecraft:cooked_porkchop":4},"minecraft:broken":{"minecraft:stone_pickaxe":1},"minecraft:picked_up":{"ars_nouveau:caster_tome":1,"minecraft:potion":1,"minecraft:oak_log":9,"sophisticatedbackpacks:magnet_upgrade":1,"ars_nouveau:amplify_arrow":1,"minecraft:lapis_lazuli":41,"minecraft:dirt":21,"minecraft:string":7,"minecraft:bone":3,"minecraft:cobbled_deepslate":3,"simplyswords:iron_longsword":1,"minecraft:stick":2,"minecraft:raw_iron":40,"aquaculture:gar":1,"minecraft:torch":2,"minecraft:porkchop":8,"tombstone:grave_dust":2,"minecraft:pointed_dripstone":2,"minecraft:spruce_log":6,"minecraft:spider_eye":2,"ars_nouveau:wixie_shards":1,"ars_nouveau:wilden_spike":1,"minecraft:bundle":1,"minecraft:arrow":3,"minecraft:rotten_flesh":2,"aquaculture:brown_trout":1,"minecraft:bone_meal":1,"minecraft:oak_sapling":5,"minecraft:black_wool":1,"minecraft:mutton":5,"minecraft:coal":53,"minecraft:white_wool":2,"minecraft:cobblestone":43},"minecraft:custom":{"minecraft:interact_with_furnace":38,"minecraft:mob_kills":17,"minecraft:interact_with_crafting_table":19,"minecraft:leave_game":2,"minecraft:time_since_death":50250,"minecraft:time_since_rest":50250,"minecraft:sprint_one_cm":119029,"minecraft:damage_taken":639,"minecraft:walk_one_cm":98609,"minecraft:drop":10,"minecraft:damage_dealt":1863,"minecraft:swim_one_cm":5307,"minecraft:fly_one_cm":126262,"minecraft:open_chest":1,"minecraft:crouch_one_cm":4723,"minecraft:play_time":50250,"tombstone:undead_killed":3,"minecraft:sneak_time":1898,"minecraft:walk_under_water_one_cm":2089,"minecraft:jump":566,"minecraft:walk_on_water_one_cm":8084,"minecraft:total_world_time":50250,"minecraft:fall_one_cm":15024},"minecraft:mined":{"minecraft:grass_block":10,"minecraft:cobblestone":2,"minecraft:spruce_leaves":2,"minecraft:lapis_ore":4,"minecraft:wall_torch":2,"minecraft:spawner":3,"minecraft:iron_ore":26,"minecraft:spruce_log":6,"minecraft:deepslate_lapis_ore":2,"minecraft:oak_log":9,"minecraft:pointed_dripstone":2,"minecraft:coal_ore":54,"minecraft:deepslate_iron_ore":4,"minecraft:dirt":11,"minecraft:stone":40,"minecraft:oak_leaves":6,"minecraft:deepslate":2}},"DataVersion":3465}