{"stats":{"minecraft:dropped":{"ars_nouveau:wilden_spike":1,"minecraft:cooked_mutton":2,"sophisticatedbackpacks:magnet_upgrade":1,"minecraft:potion":1,"ars_nouveau:amplify_arrow":1,"ars_nouveau:wixie_shards":1,"ars_nouveau:caster_tome":1},"minecraft:crafted":{"minecraft:oak_planks":12,"minecraft:cooked_porkchop":4,"minecraft:crafting_table":1,"minecraft:spruce_planks":4,"minecraft:wooden_pickaxe":1,"minecraft:furnace":1,"minecraft:stone_axe":1,"minecraft:cooked_mutton":5,"minecraft:air":0,"spartanshields:iron_basic_shield":1,"minecraft:iron_chestplate":1,"minecraft:iron_boots":1,"minecraft:stick":8,"minecraft:iron_ingot":18,"minecraft:stone_pickaxe":1,"spartanshields:wooden_basic_shield":1,"minecraft:torch":4},"minecraft:killed":{"minecraft:cave_spider":3,"minecraft:pig":4,"minecraft:spider":2,"aquaculture:gar":1,"minecraft:skeleton":2,"minecraft:sheep":3,"minecraft:zombie":1,"aquaculture:brown_trout":1},"minecraft:used":{"minecraft:cooked_mutton":3,"minecraft:stone_pickaxe":124,"minecraft:wooden_pickaxe":18,"minecraft:iron_chestplate":1,"minecraft:torch":4,"minecraft:dirt":15,"minecraft:crafting_table":1,"minecraft:iron_boots":1,"minecraft:stone_axe":42,"minecraft:cobblestone":3,"minecraft:furnace":1,"minecraft:oak_sapling":5,"minecraft:cooked_porkchop":4},"minecraft:picked_up":{"ars_nouveau:caster_tome":1,"minecraft:potion":1,"minecraft:oak_log":9,"sophisticatedbackpacks:magnet_upgrade":1,"ars_nouveau:amplify_arrow":1,"minecraft:lapis_lazuli":34,"minecraft:dirt":20,"minecraft:string":7,"minecraft:bone":3,"minecraft:cobbled_deepslate":1,"simplyswords:iron_longsword":1,"minecraft:stick":2,"minecraft:raw_iron":27,"aquaculture:gar":1,"minecraft:torch":2,"minecraft:porkchop":8,"tombstone:grave_dust":2,"minecraft:pointed_dripstone":2,"minecraft:spruce_log":6,"minecraft:spider_eye":2,"ars_nouveau:wixie_shards":1,"ars_nouveau:wilden_spike":1,"minecraft:bundle":1,"minecraft:arrow":3,"minecraft:rotten_flesh":2,"aquaculture:brown_trout":1,"minecraft:bone_meal":1,"minecraft:oak_sapling":5,"minecraft:black_wool":1,"minecraft:mutton":5,"minecraft:coal":53,"minecraft:white_wool":2,"minecraft:cobblestone":37},"minecraft:custom":{"minecraft:interact_with_furnace":30,"minecraft:mob_kills":17,"minecraft:interact_with_crafting_table":15,"minecraft:leave_game":1,"minecraft:time_since_death":44324,"minecraft:time_since_rest":44324,"minecraft:sprint_one_cm":104839,"minecraft:damage_taken":639,"minecraft:walk_one_cm":88780,"minecraft:drop":8,"minecraft:damage_dealt":1863,"minecraft:swim_one_cm":5057,"minecraft:fly_one_cm":114023,"minecraft:open_chest":1,"minecraft:crouch_one_cm":3713,"minecraft:play_time":44324,"tombstone:undead_killed":3,"minecraft:sneak_time":1670,"minecraft:walk_under_water_one_cm":1571,"minecraft:jump":455,"minecraft:walk_on_water_one_cm":5580,"minecraft:total_world_time":44324,"minecraft:fall_one_cm":12396},"minecraft:mined":{"minecraft:grass_block":10,"minecraft:cobblestone":2,"minecraft:spruce_leaves":2,"minecraft:lapis_ore":3,"minecraft:wall_torch":2,"minecraft:spawner":3,"minecraft:iron_ore":23,"minecraft:spruce_log":6,"minecraft:deepslate_lapis_ore":2,"minecraft:oak_log":9,"minecraft:pointed_dripstone":2,"minecraft:coal_ore":54,"minecraft:deepslate_iron_ore":4,"minecraft:dirt":10,"minecraft:stone":36,"minecraft:oak_leaves":6,"minecraft:deepslate":1}},"DataVersion":3465}