{"stats":{"minecraft:crafted":{"minecraft:oak_planks":12,"minecraft:cooked_porkchop":4,"minecraft:crafting_table":1,"minecraft:stick":8,"minecraft:wooden_pickaxe":1,"minecraft:stone_pickaxe":1,"minecraft:furnace":1,"minecraft:stone_axe":1,"minecraft:cooked_mutton":1,"minecraft:air":0},"minecraft:used":{"minecraft:cooked_mutton":1,"minecraft:stone_pickaxe":25,"minecraft:wooden_pickaxe":18,"minecraft:stone_axe":28,"minecraft:crafting_table":1,"minecraft:oak_sapling":5,"minecraft:furnace":1,"minecraft:cooked_porkchop":1},"minecraft:killed":{"minecraft:sheep":3,"minecraft:skeleton":1,"minecraft:zombie":1,"minecraft:pig":4},"minecraft:picked_up":{"minecraft:stick":2,"minecraft:porkchop":8,"minecraft:oak_log":9,"tombstone:grave_dust":2,"minecraft:spruce_log":6,"minecraft:dirt":14,"minecraft:bundle":1,"minecraft:bone":1,"minecraft:arrow":2,"minecraft:rotten_flesh":2,"minecraft:oak_sapling":5,"minecraft:black_wool":1,"minecraft:coal":16,"minecraft:mutton":5,"minecraft:white_wool":2,"minecraft:cobblestone":18},"minecraft:custom":{"minecraft:time_since_rest":20324,"minecraft:interact_with_furnace":10,"minecraft:sprint_one_cm":39630,"minecraft:damage_taken":170,"minecraft:walk_one_cm":40838,"minecraft:mob_kills":9,"minecraft:damage_dealt":921,"minecraft:interact_with_crafting_table":11,"minecraft:fly_one_cm":25600,"minecraft:crouch_one_cm":697,"minecraft:play_time":20324,"tombstone:undead_killed":2,"minecraft:sneak_time":249,"minecraft:jump":184,"minecraft:leave_game":1,"minecraft:time_since_death":20324,"minecraft:total_world_time":20324,"minecraft:fall_one_cm":4213},"minecraft:mined":{"minecraft:spruce_log":6,"minecraft:coal_ore":16,"minecraft:grass_block":7,"minecraft:oak_log":9,"minecraft:dirt":8,"minecraft:spruce_leaves":2,"minecraft:stone":18,"minecraft:oak_leaves":6}},"DataVersion":3465}