{"stats":{"minecraft:crafted":{"minecraft:oak_planks":24,"chococraft:chocobo_whistle":1,"ars_nouveau:archwood_planks":68,"minecraft:cooked_chicken":2,"securitycraft:keypad_item":1,"minecraft:heavy_weighted_pressure_plate":1,"minecraft:cooked_mutton":13,"spartanshields:iron_basic_shield":1,"securitycraft:laser_block":1,"minecraft:glass":8,"minecraft:iron_boots":1,"tombstone:grave_key":6,"minecraft:chest":11,"blue_skies:blue_journal":1,"minecraft:cooked_porkchop":10,"minecraft:crafting_table":14,"minecraft:spruce_planks":32,"securitycraft:reinforced_stone_button":9,"minecraft:wooden_pickaxe":1,"minecraft:iron_helmet":1,"minecraft:golden_pickaxe":1,"minecraft:birch_planks":12,"minecraft:iron_chestplate":1,"minecraft:shield":1,"minecraft:stick":20,"minecraft:iron_ingot":99,"minecraft:iron_pickaxe":1,"minecraft:gold_ingot":15,"spartanshields:wooden_basic_shield":1,"securitycraft:universal_block_reinforcer_lvl1":1,"minecraft:shears":1,"minecraft:redstone":9,"comforts:sleeping_bag_white":2,"minecraft:furnace":2,"minecraft:bone_meal":54,"minecraft:glass_pane":16,"minecraft:stone_pickaxe":1,"minecraft:dark_oak_planks":40,"minecraft:wheat":162,"iceandfire:silver_ingot":1,"minecraft:bucket":2,"minecraft:stone_axe":1,"securitycraft:reinforced_stone":9,"minecraft:bread":54,"minecraft:air":0,"minecraft:white_wool":3,"minecraft:iron_shovel":2,"minecraft:iron_leggings":1,"chococraft:chocobo_saddle":1,"minecraft:white_bed":1,"iceandfire:silver_pickaxe":1,"minecraft:torch":16},"minecraft:broken":{"minecraft:iron_boots":3,"minecraft:iron_chestplate":1,"minecraft:iron_leggings":1,"minecraft:stone_pickaxe":1,"spartanshields:iron_basic_shield":1,"minecraft:iron_pickaxe":2,"minecraft:iron_helmet":1,"minecraft:golden_pickaxe":1},"minecraft:dropped":{"securitycraft:reinforced_stone_button":1,"sophisticatedbackpacks:iron_backpack":2,"minecraft:iron_sword":3,"minecraft:birch_planks":4,"chococraft:loverly_gysahl_green":9,"minecraft:lapis_lazuli":64,"minecraft:cooked_beef":82,"minecraft:oak_log":391,"minecraft:golden_pickaxe":2,"minecraft:loom":1,"minecraft:ender_pearl":1,"minecraft:lantern":64,"tombstone:tablet_of_assistance":1,"minecraft:leather":2,"minecraft:fletching_table":1,"minecraft:saddle":1,"iceandfire:deathworm_yellow_chestplate":2,"minecraft:cod":1,"minecraft:cobblestone_stairs":1,"minecraft:music_disc_11":1,"minecraft:dirt":2,"minecraft:cornflower":1,"minecraft:gold_nugget":2,"minecraft:bone_meal":1,"biomesoplenty:glowflower":1,"minecraft:gravel":13,"minecraft:stone_axe":1,"ars_nouveau:wilden_spike":1,"minecraft:cobbled_deepslate":3,"minecraft:andesite_slab":4,"minecraft:rotten_flesh":2,"minecraft:grindstone":1,"minecraft:oak_planks":278,"minecraft:cooked_mutton":2,"minecraft:salmon":5,"sophisticatedbackpacks:diamond_backpack":1,"minecraft:chainmail_chestplate":1,"minecraft:chainmail_boots":1,"biomesoplenty:wildflower":1,"minecraft:chest":64,"minecraft:ladder":1,"minecraft:acacia_sapling":2,"minecraft:leather_leggings":1,"comforts:sleeping_bag_white":1,"minecraft:spruce_slab":128,"minecraft:iron_bars":2,"minecraft:campfire":143,"minecraft:stone_brick_stairs":128,"minecraft:oak_leaves":64,"ars_nouveau:wixie_shards":1,"minecraft:cartography_table":1,"minecraft:egg":4,"minecraft:enchanted_book":2,"minecraft:water_bucket":1,"minecraft:torchflower":1,"minecraft:iron_ingot":1,"minecraft:bread":59,"minecraft:wheat_seeds":7,"minecraft:smithing_table":1,"minecraft:dripstone_block":1,"minecraft:cobblestone":585,"minecraft:book":3,"minecraft:granite":3,"minecraft:spruce_stairs":258,"chococraft:chocobo_whistle":2,"minecraft:polished_andesite":3,"minecraft:spruce_fence_gate":65,"minecraft:oxeye_daisy":1,"minecraft:gray_wool":9,"minecraft:diorite":1,"minecraft:torch":13,"tombstone:grave_key":2,"minecraft:rose_bush":1,"minecraft:smooth_quartz":3,"tombstone:grave_dust":9,"minecraft:potion":1,"minecraft:dead_bush":64,"minecraft:oak_stairs":213,"minecraft:granite_slab":10,"minecraft:stonecutter":1,"minecraft:iron_shovel":2,"minecraft:bucket":2,"ars_nouveau:caster_tome":1,"minecraft:bricks":2,"minecraft:anvil":1,"minecraft:cobblestone_wall":64,"chococraft:chocobo_feather":66,"minecraft:raw_iron":2,"minecraft:light_gray_wool":1,"minecraft:iron_boots":1,"minecraft:stripped_oak_log":64,"sophisticatedbackpacks:backpack":1,"minecraft:light_gray_concrete":10,"minecraft:spruce_fence":256,"minecraft:glass_pane":64,"minecraft:red_terracotta":3,"minecraft:diamond_sword":1,"minecraft:shield":2,"minecraft:flower_pot":67,"minecraft:peony":2,"minecraft:spruce_trapdoor":262,"minecraft:spruce_planks":661,"minecraft:iron_chestplate":1,"sophisticatedbackpacks:magnet_upgrade":1,"minecraft:andesite":21,"minecraft:mossy_stone_bricks":1,"simplyswords:iron_longsword":1,"minecraft:spider_eye":12,"minecraft:stone_bricks":783,"minecraft:bamboo":1,"tombstone:essence_of_undeath":1,"sophisticatedbackpacks:copper_backpack":1,"minecraft:bow":1,"simplyswords:gold_spear":1,"minecraft:wooden_pickaxe":1,"ars_nouveau:amplify_arrow":1,"chococraft:gysahl_green":77,"minecraft:black_wool":1,"minecraft:terracotta":17},"minecraft:mined":{"minecraft:spruce_planks":12,"minecraft:cobblestone_stairs":2,"minecraft:spruce_trapdoor":2,"minecraft:granite":30,"minecraft:grass_block":208,"biomesoplenty:flowering_oak_leaves":8,"minecraft:chiseled_stone_bricks":1,"minecraft:spawner":24,"minecraft:iron_ore":80,"minecraft:barrel":1,"minecraft:fire":2,"minecraft:anvil":1,"minecraft:deepslate_lapis_ore":5,"minecraft:granite_slab":6,"chococraft:gysahl_green":158,"minecraft:pointed_dripstone":2,"iceandfire:gold_pile":9,"minecraft:flowering_azalea_leaves":1,"minecraft:oak_stairs":4,"minecraft:iron_bars":3,"minecraft:light_gray_concrete":12,"minecraft:white_banner":1,"minecraft:tripwire":3,"biomesoplenty:glowing_moss_carpet":4,"ars_nouveau:light_block":1,"minecraft:chiseled_quartz_block":1,"minecraft:torch":3,"minecraft:poppy":1,"iceandfire:ghost_chest":1,"minecraft:chest":15,"minecraft:cobblestone":27,"minecraft:oak_planks":7,"minecraft:sugar_cane":12,"minecraft:wall_torch":2,"minecraft:skeleton_skull":1,"ars_nouveau:archwood_planks":1,"minecraft:birch_log":3,"minecraft:stone_brick_stairs":3,"minecraft:wither_rose":2,"biomesoplenty:clover":3,"minecraft:grass":79,"minecraft:oak_log":42,"minecraft:sand":8,"minecraft:dirt":112,"minecraft:smooth_quartz":4,"minecraft:tripwire_hook":1,"minecraft:deepslate":2,"biomesoplenty:reed":1,"minecraft:netherrack":1,"iceandfire:chared_stone":1,"minecraft:oak_leaves":45,"minecraft:dark_prismarine":79,"minecraft:light_gray_stained_glass_pane":1,"iceandfire:silver_ore":15,"minecraft:quartz_stairs":1,"minecraft:mossy_cobblestone":1,"minecraft:deepslate_diamond_ore":2,"biomesoplenty:desert_grass":4,"minecraft:dark_oak_log":21,"torchmaster:megatorch":3,"minecraft:glow_lichen":2,"biomesoplenty:bush":13,"minecraft:ladder":1,"minecraft:dark_oak_fence":2,"minecraft:spruce_leaves":6,"minecraft:hay_block":18,"minecraft:furnace":1,"minecraft:acacia_wood":1,"minecraft:andesite":81,"iceandfire:chared_gravel":1,"ars_nouveau:bombegranate_pod":1,"minecraft:gold_block":2,"minecraft:peony":6,"minecraft:bookshelf":7,"minecraft:deepslate_iron_ore":10,"biomesoplenty:high_grass":11,"minecraft:vine":4,"biomesoplenty:mahogany_leaves":1,"minecraft:lantern":3,"minecraft:stripped_oak_log":2,"ars_nouveau:rune":5,"minecraft:stone":461,"minecraft:redstone_block":1,"minecraft:glass_pane":4,"ars_nouveau:green_archwood_log":1,"minecraft:polished_granite":22,"minecraft:crafting_table":1,"minecraft:cyan_stained_glass_pane":1,"minecraft:rose_bush":4,"minecraft:andesite_slab":2,"minecraft:sculk_sensor":1,"minecraft:campfire":2,"biomesoplenty:high_grass_plant":12,"minecraft:copper_ore":18,"minecraft:tall_grass":6,"minecraft:lapis_ore":5,"minecraft:deepslate_coal_ore":9,"minecraft:quartz_bricks":1,"biomesoplenty:huge_clover_petal":2,"minecraft:deepslate_gold_ore":1,"minecraft:red_glazed_terracotta":1,"minecraft:diorite":2,"minecraft:spruce_stairs":14,"minecraft:gray_wool":115,"minecraft:birch_planks":1,"minecraft:red_terracotta":22,"ars_nouveau:blue_archwood_log":17,"minecraft:spruce_log":30,"minecraft:birch_leaves":16,"elevatorid:elevator_white":1,"minecraft:coal_ore":178,"minecraft:gravel":89,"minecraft:dripstone_block":1,"minecraft:cobweb":13,"minecraft:terracotta":74,"minecraft:polished_andesite":4,"minecraft:stone_bricks":8,"minecraft:mossy_stone_bricks":1,"minecraft:gold_ore":12,"minecraft:infested_stone":1},"minecraft:picked_up":{"ars_nouveau:caster_tome":1,"chococraft:loverly_gysahl_green":27,"minecraft:birch_door":1,"minecraft:flower_pot":62,"minecraft:anvil":1,"minecraft:lead":9,"minecraft:diamond_sword":1,"minecraft:oak_stairs":26,"minecraft:potion":1,"minecraft:wither_rose":2,"minecraft:enchanted_book":2,"ars_nouveau:bombegranate_pod":3,"minecraft:stone_brick_stairs":128,"sophisticatedbackpacks:magnet_upgrade":2,"minecraft:string":37,"minecraft:raw_copper":16,"minecraft:iron_leggings":1,"minecraft:gold_nugget":140,"minecraft:cobbled_deepslate":3,"comforts:sleeping_bag_white":19,"minecraft:spruce_planks":34,"minecraft:rose_bush":6,"minecraft:smooth_quartz":3,"minecraft:iron_boots":1,"minecraft:furnace":2,"minecraft:stick":4,"minecraft:oak_fence":1,"minecraft:torch":9,"minecraft:spruce_stairs":14,"minecraft:porkchop":19,"iceandfire:rotten_egg":1,"minecraft:pointed_dripstone":10,"tombstone:grave_dust":24,"minecraft:diorite":2,"minecraft:honey_bottle":1,"minecraft:rotten_flesh":28,"iceandfire:deathworm_chitin_yellow":2,"alexsmobs:emu_egg":1,"chococraft:chocobo_drumstick_raw":6,"minecraft:iron_bars":2,"minecraft:cod":1,"minecraft:cobblestone":626,"minecraft:birch_log":3,"minecraft:feather":20,"minecraft:cooked_beef":58,"minecraft:andesite":83,"minecraft:potato":1,"alexsmobs:bear_fur":1,"minecraft:lapis_lazuli":65,"minecraft:dirt":298,"minecraft:lantern":3,"minecraft:polished_granite":10,"minecraft:bone":118,"minecraft:bow":2,"minecraft:wheat_seeds":33,"minecraft:raw_gold":12,"minecraft:mossy_stone_bricks":1,"minecraft:oak_planks":60,"aquaculture:gar":1,"minecraft:cooked_porkchop":9,"torchmaster:megatorch":3,"iceandfire:deathworm_yellow_chestplate":1,"minecraft:sand":8,"sophisticatedbackpacks:iron_backpack":1,"minecraft:granite_slab":10,"simplyswords:iron_greathammer":1,"minecraft:dark_oak_log":23,"minecraft:red_terracotta":20,"minecraft:barrel":1,"minecraft:dark_prismarine":73,"minecraft:bundle":2,"cataclysm:lionfish":1,"minecraft:quartz_bricks":498,"minecraft:light_gray_concrete":10,"minecraft:polished_andesite":4,"minecraft:spruce_fence_gate":1,"minecraft:diamond":2,"minecraft:lever":1,"minecraft:granite":7,"minecraft:bone_meal":16,"minecraft:bread":44,"iceandfire:gorgon_head":1,"minecraft:oak_sapling":7,"minecraft:dark_oak_fence":2,"minecraft:bricks":2,"minecraft:andesite_slab":4,"iceandfire:raw_silver":16,"minecraft:fishing_rod":1,"minecraft:charcoal":6,"minecraft:crafting_table":1,"minecraft:chicken":6,"minecraft:ladder":3,"minecraft:leather_leggings":1,"minecraft:gold_block":2,"minecraft:shield":2,"ars_nouveau:amplify_arrow":1,"ars_nouveau:archwood_planks":1,"minecraft:acacia_door":1,"minecraft:item_frame":4,"minecraft:blue_orchid":1,"simplyswords:iron_longsword":1,"minecraft:beef":3,"minecraft:poppy":1,"minecraft:light_gray_wool":1,"minecraft:spruce_slab":64,"minecraft:quartz_stairs":24,"tombstone:tablet_of_assistance":1,"minecraft:sugar_cane":24,"minecraft:chest":15,"minecraft:spruce_trapdoor":8,"minecraft:phantom_membrane":3,"minecraft:egg":9,"minecraft:dark_oak_sapling":2,"minecraft:raw_iron":99,"securitycraft:reinforced_cobblestone":9,"minecraft:spruce_fence":2,"sophisticatedbackpacks:backpack":1,"ars_nouveau:blue_archwood_log":16,"minecraft:quartz_pillar":70,"minecraft:music_disc_11":1,"ars_nouveau:wixie_shards":1,"alexsmobs:crocodile_scute":1,"minecraft:dark_oak_planks":1,"ars_nouveau:green_archwood_log":1,"mowziesmobs:umvuthana_mask_faith":3,"minecraft:arrow":92,"minecraft:peony":9,"aquaculture:brown_trout":1,"minecraft:hay_block":18,"tombstone:essence_of_undeath":1,"mowziesmobs:umvuthana_mask_bliss":1,"minecraft:saddle":1,"sophisticatedbackpacks:copper_backpack":1,"minecraft:mutton":15,"minecraft:skeleton_skull":2,"minecraft:white_wool":6,"minecraft:oxeye_daisy":1,"minecraft:stripped_oak_log":34,"minecraft:salmon":6,"minecraft:leather":5,"alexsmobs:acacia_blossom":1,"minecraft:acacia_wood":1,"minecraft:birch_planks":8,"minecraft:oak_log":115,"iceandfire:ectoplasm":1,"minecraft:gunpowder":7,"minecraft:cobblestone_stairs":1,"minecraft:white_banner":1,"biomesoplenty:glowing_moss_carpet":4,"chococraft:chocobo_feather":142,"chococraft:gysahl_green":477,"minecraft:apple":4,"minecraft:stone_bricks":404,"chococraft:gold_gysahl":7,"minecraft:iron_ingot":14,"tombstone:bag_of_seeds":2,"minecraft:glass_bottle":2,"minecraft:iron_sword":4,"minecraft:acacia_sapling":2,"minecraft:dark_oak_stairs":1,"sophisticatedbackpacks:diamond_backpack":1,"minecraft:book":21,"elevatorid:elevator_white":1,"iceandfire:copper_nugget":8,"simplyswords:iron_greataxe":1,"minecraft:dripstone_block":1,"minecraft:gravel":13,"chococraft:gysahl_green_seeds":158,"minecraft:spruce_sapling":4,"minecraft:spruce_log":29,"minecraft:spider_eye":15,"minecraft:brick_slab":5,"mowziesmobs:naga_fang":2,"ars_nouveau:wilden_spike":1,"minecraft:stone_axe":1,"chococraft:chocobo_whistle":2,"minecraft:painting":10,"minecraft:gray_wool":129,"mowziesmobs:umvuthana_mask_fear":3,"minecraft:terracotta":108,"tombstone:magic_scroll":2,"minecraft:black_wool":1,"minecraft:dark_oak_wood":3,"minecraft:coal":240},"minecraft:killed":{"minecraft:cave_spider":6,"minecraft:witch":2,"iceandfire:gorgon":1,"minecraft:spider":14,"aquaculture:gar":1,"minecraft:skeleton":94,"minecraft:chicken":6,"mowziesmobs:umvuthana_crane":8,"minecraft:silverfish":1,"minecraft:pig":15,"alexsmobs:grizzly_bear":4,"minecraft:zombie_villager":1,"minecraft:iron_golem":1,"minecraft:creeper":3,"minecraft:sheep":8,"minecraft:zombie":24,"iceandfire:pixie":1,"mowziesmobs:naga":3,"minecraft:cow":2,"chococraft:chocobo":2,"alexsmobs:raccoon":1,"minecraft:phantom":3,"iceandfire:siren":2,"minecraft:llama":1,"aquaculture:brown_trout":1,"minecraft:drowned":1,"cataclysm:lionfish":1,"iceandfire:deathworm":3,"mowziesmobs:umvuthana":5,"cataclysm:deepling_angler":1,"alexsmobs:crocodile":1,"iceandfire:ghost":21,"creeperoverhaul:ocean_creeper":1,"minecraft:enderman":1},"minecraft:used":{"alexsmobs:emu_egg":1,"mowziesmobs:umvuthana_mask_fear":23,"minecraft:iron_shovel":513,"aquaculture:brown_trout":1,"minecraft:chest":114,"minecraft:shield":11,"minecraft:iron_sword":185,"minecraft:iron_chestplate":1,"securitycraft:keypad_item":4,"blue_skies:bluebright_chest":2,"iceandfire:cannoli":1,"mowziesmobs:umvuthana_mask_faith":24,"minecraft:lantern":2,"minecraft:dark_oak_leaves":1,"minecraft:light_blue_bed":3,"simplyswords:iron_longsword":238,"chococraft:pickled_gysahl_cooked":1,"minecraft:stone_brick_stairs":49,"minecraft:stone_bricks":91,"minecraft:item_frame":33,"minecraft:bow":57,"spartanshields:iron_basic_shield":120,"ars_nouveau:archwood_door":1,"minecraft:oak_sapling":7,"minecraft:furnace":8,"minecraft:diorite":1,"iceandfire:armor_sapphire_chestplate":1,"minecraft:stone_pickaxe":131,"minecraft:oak_planks":114,"minecraft:ender_pearl":15,"minecraft:wooden_pickaxe":18,"minecraft:sugar_cane":17,"minecraft:oak_leaves":5,"elevatorid:elevator_white":4,"ars_nouveau:archwood_planks":54,"minecraft:blast_furnace":5,"minecraft:crossbow":2,"minecraft:shears":26,"simplyswords:mjolnir":11,"simplyswords:iron_greathammer":15,"iceandfire:silver_pickaxe":25,"minecraft:lever":1,"minecraft:acacia_door":1,"minecraft:bread":138,"tombstone:grave_key":6,"minecraft:red_terracotta":6,"minecraft:polished_granite":2,"biomesoplenty:glowing_moss_carpet":21,"aquaculture:gar":1,"minecraft:diamond_sword":483,"minecraft:fire_charge":12,"minecraft:grindstone":1,"chococraft:gysahl_green":3,"minecraft:golden_pickaxe":32,"minecraft:bone_meal":29,"minecraft:enchanting_table":1,"minecraft:flint_and_steel":1,"minecraft:armor_stand":2,"simplyswords:iron_warglaive":57,"minecraft:spruce_planks":257,"securitycraft:keypad_door_item":1,"minecraft:cooked_chicken":2,"minecraft:torch":19,"minecraft:dirt":607,"minecraft:anvil":2,"immersive_armors:slime_boots":1,"minecraft:spruce_stairs":203,"minecraft:cobblestone_wall":8,"minecraft:cod_bucket":3,"minecraft:granite":1,"minecraft:spruce_fence":20,"minecraft:stone_brick_slab":29,"minecraft:bookshelf":12,"minecraft:iron_axe":112,"minecraft:oak_stairs":19,"minecraft:spruce_button":17,"biomesoplenty:orange_sand":1,"minecraft:iron_boots":1,"minecraft:barrel":25,"cataclysm:mechanical_fusion_anvil":1,"chococraft:yellow_chocobo_spawn_egg":2,"biomesoplenty:hellbark_door":2,"torchmaster:megatorch":4,"tombstone:gift":10,"comforts:sleeping_bag_white":20,"minecraft:trapped_chest":1,"minecraft:cooked_beef":100,"minecraft:iron_leggings":1,"minecraft:cooked_mutton":9,"minecraft:water_bucket":238,"minecraft:baked_potato":25,"iceandfire:armor_sapphire_helmet":1,"minecraft:spruce_fence_gate":31,"minecraft:glow_item_frame":1,"minecraft:terracotta":64,"minecraft:crafting_table":16,"minecraft:campfire":118,"simplyswords:iron_greataxe":1,"minecraft:painting":8,"minecraft:spruce_log":4,"minecraft:smoker":5,"minecraft:oak_log":305,"minecraft:dark_prismarine":73,"minecraft:flower_pot":5,"chococraft:gysahl_green_seeds":54,"tombstone:tablet_of_assistance":3,"minecraft:iron_pickaxe":1067,"immersive_armors:slime_leggings":1,"minecraft:spruce_trapdoor":5,"minecraft:stone_axe":93,"minecraft:fishing_rod":2,"minecraft:cobblestone":58,"minecraft:cooked_porkchop":10,"minecraft:bucket":241,"minecraft:glass_pane":24,"minecraft:pumpkin_pie":8,"minecraft:stripped_oak_log":2,"minecraft:gray_wool":96,"minecraft:soul_torch":8},"minecraft:custom":{"minecraft:animals_bred":31,"minecraft:interact_with_crafting_table":68,"minecraft:open_barrel":98,"goblintraders:trade_with_goblin":30,"minecraft:bell_ring":3,"minecraft:leave_game":14,"minecraft:time_since_death":183336,"minecraft:sprint_one_cm":2692966,"minecraft:damage_blocked_by_shield":2147483647,"minecraft:drop":350,"minecraft:talked_to_villager":9,"minecraft:play_time":843744,"minecraft:deaths":22,"minecraft:jump":13643,"minecraft:walk_on_water_one_cm":172701,"tombstone:steal_effect":4,"minecraft:interact_with_furnace":91,"minecraft:traded_with_villager":1,"minecraft:interact_with_cartography_table":1,"minecraft:sleep_in_bed":28,"minecraft:damage_dealt":59989,"minecraft:player_kills":2,"minecraft:crouch_one_cm":270380,"tombstone:undead_killed":145,"minecraft:interact_with_smithing_table":1,"minecraft:interact_with_anvil":3,"minecraft:mob_kills":254,"minecraft:damage_dealt_resisted":437,"minecraft:climb_one_cm":70490,"minecraft:walk_one_cm":2169786,"minecraft:damage_dealt_absorbed":241,"minecraft:sneak_time":58468,"minecraft:walk_under_water_one_cm":183203,"minecraft:interact_with_blast_furnace":5,"minecraft:total_world_time":843744,"spartanshields:shield_bash_hits":6,"tombstone:raider_killed":5,"minecraft:pot_flower":4,"minecraft:time_since_rest":96087,"minecraft:damage_taken":21936,"minecraft:trigger_trapped_chest":19,"minecraft:swim_one_cm":153040,"minecraft:fly_one_cm":3036095,"minecraft:open_chest":313,"minecraft:fall_one_cm":445093},"minecraft:killed_by":{"iceandfire:fire_dragon":1}},"DataVersion":3465}