{"stats":{"minecraft:crafted":{"minecraft:oak_planks":12,"minecraft:cooked_porkchop":4,"minecraft:crafting_table":1,"minecraft:stick":8,"minecraft:iron_ingot":4,"minecraft:wooden_pickaxe":1,"minecraft:stone_pickaxe":1,"minecraft:furnace":1,"minecraft:torch":4,"minecraft:stone_axe":1,"minecraft:cooked_mutton":5,"minecraft:air":0},"minecraft:used":{"minecraft:cooked_mutton":2,"minecraft:stone_pickaxe":99,"minecraft:wooden_pickaxe":18,"minecraft:torch":3,"minecraft:stone_axe":35,"minecraft:dirt":15,"minecraft:crafting_table":1,"minecraft:oak_sapling":5,"minecraft:furnace":1,"minecraft:cooked_porkchop":4},"minecraft:killed":{"minecraft:sheep":3,"minecraft:skeleton":2,"minecraft:cave_spider":2,"minecraft:zombie":1,"minecraft:pig":4,"aquaculture:brown_trout":1,"aquaculture:gar":1},"minecraft:picked_up":{"minecraft:raw_iron":16,"minecraft:stick":2,"aquaculture:gar":1,"minecraft:torch":2,"minecraft:porkchop":8,"minecraft:oak_log":9,"tombstone:grave_dust":2,"minecraft:spruce_log":6,"minecraft:lapis_lazuli":34,"minecraft:string":2,"minecraft:spider_eye":1,"minecraft:dirt":19,"minecraft:bundle":1,"minecraft:bone":3,"minecraft:arrow":3,"minecraft:rotten_flesh":2,"minecraft:cobbled_deepslate":1,"aquaculture:brown_trout":1,"minecraft:bone_meal":1,"minecraft:oak_sapling":5,"minecraft:black_wool":1,"minecraft:coal":51,"minecraft:mutton":5,"minecraft:white_wool":2,"minecraft:cobblestone":30},"minecraft:custom":{"minecraft:time_since_rest":32324,"minecraft:interact_with_furnace":15,"minecraft:sprint_one_cm":66527,"minecraft:damage_taken":485,"minecraft:walk_one_cm":63215,"minecraft:mob_kills":14,"minecraft:damage_dealt":1361,"minecraft:swim_one_cm":5057,"minecraft:interact_with_crafting_table":11,"minecraft:fly_one_cm":50548,"minecraft:crouch_one_cm":3387,"minecraft:play_time":32324,"tombstone:undead_killed":3,"minecraft:sneak_time":1281,"minecraft:walk_under_water_one_cm":1571,"minecraft:jump":378,"minecraft:walk_on_water_one_cm":5563,"minecraft:leave_game":1,"minecraft:time_since_death":32324,"minecraft:total_world_time":32324,"minecraft:fall_one_cm":11616},"minecraft:mined":{"minecraft:iron_ore":12,"minecraft:spruce_log":6,"minecraft:deepslate_lapis_ore":2,"minecraft:coal_ore":51,"minecraft:grass_block":10,"minecraft:oak_log":9,"minecraft:deepslate_iron_ore":4,"minecraft:dirt":10,"minecraft:spruce_leaves":2,"minecraft:lapis_ore":3,"minecraft:stone":31,"minecraft:deepslate":1,"minecraft:wall_torch":2,"minecraft:oak_leaves":6,"minecraft:spawner":1}},"DataVersion":3465}