{"stats":{"minecraft:crafted":{"chococraft:chocobo_whistle":1,"securitycraft:keypad_item":1,"minecraft:cooked_mutton":17,"minecraft:glass":10,"blue_skies:blue_journal":1,"minecraft:cooked_porkchop":11,"securitycraft:reinforced_stone_button":9,"minecraft:golden_pickaxe":1,"iceandfire:armor_green_chestplate":1,"minecraft:iron_pickaxe":1,"minecraft:gold_ingot":15,"spartanshields:wooden_basic_shield":1,"comforts:sleeping_bag_white":2,"minecraft:bone_meal":54,"minecraft:stone_pickaxe":1,"minecraft:diamond_boots":1,"minecraft:dark_oak_planks":40,"minecraft:wheat":162,"biomesoplenty:dead_planks":4,"minecraft:iron_shovel":2,"minecraft:iron_leggings":1,"chococraft:chocobo_saddle":1,"minecraft:white_bed":1,"iceandfire:silver_pickaxe":1,"minecraft:oak_planks":24,"ars_nouveau:archwood_planks":68,"minecraft:cooked_chicken":2,"iceandfire:armor_electric_leggings":1,"minecraft:heavy_weighted_pressure_plate":1,"spartanshields:iron_basic_shield":1,"securitycraft:laser_block":1,"minecraft:iron_boots":1,"tombstone:grave_key":6,"iceandfire:armor_green_helmet":1,"minecraft:chest":11,"minecraft:crafting_table":17,"minecraft:spruce_planks":32,"minecraft:wooden_pickaxe":1,"minecraft:iron_helmet":1,"minecraft:birch_planks":12,"minecraft:iron_chestplate":1,"minecraft:diamond_pickaxe":1,"minecraft:shield":1,"minecraft:stick":20,"minecraft:iron_ingot":99,"minecraft:shears":1,"securitycraft:universal_block_reinforcer_lvl1":1,"minecraft:redstone":9,"minecraft:furnace":2,"iceandfire:armor_electric_boots":1,"minecraft:glass_pane":16,"minecraft:cooked_beef":3,"iceandfire:silver_ingot":1,"minecraft:bucket":2,"minecraft:stone_axe":1,"minecraft:bread":54,"minecraft:air":0,"securitycraft:reinforced_stone":9,"minecraft:white_wool":3,"minecraft:acacia_planks":4,"minecraft:torch":16},"minecraft:broken":{"minecraft:iron_boots":3,"minecraft:iron_chestplate":1,"minecraft:iron_leggings":1,"spartanshields:iron_basic_shield":1,"minecraft:iron_pickaxe":2,"minecraft:iron_helmet":1,"minecraft:stone_pickaxe":1,"minecraft:golden_pickaxe":1},"minecraft:dropped":{"sophisticatedbackpacks:iron_backpack":2,"minecraft:iron_sword":3,"chococraft:loverly_gysahl_green":9,"minecraft:lapis_lazuli":64,"minecraft:cooked_beef":82,"minecraft:glow_ink_sac":3,"minecraft:diamond":2,"tombstone:tablet_of_assistance":1,"minecraft:fletching_table":1,"minecraft:saddle":1,"minecraft:dirt":2,"minecraft:gold_nugget":2,"minecraft:bone_meal":1,"minecraft:stone_axe":1,"minecraft:cobbled_deepslate":3,"minecraft:rotten_flesh":2,"minecraft:grindstone":1,"minecraft:oak_planks":278,"minecraft:salmon":5,"biomesoplenty:wildflower":1,"minecraft:acacia_sapling":2,"minecraft:ladder":1,"minecraft:leather_leggings":1,"minecraft:spruce_slab":128,"minecraft:glass":2,"minecraft:campfire":143,"minecraft:stone_brick_stairs":128,"minecraft:egg":4,"minecraft:cartography_table":1,"ars_nouveau:wixie_shards":1,"minecraft:enchanted_book":2,"minecraft:iron_ingot":1,"minecraft:wheat_seeds":10,"minecraft:dripstone_block":1,"minecraft:cobblestone":585,"minecraft:book":3,"alexsmobs:rattlesnake_rattle":1,"minecraft:granite":3,"minecraft:polished_andesite":3,"chococraft:chocobo_whistle":2,"minecraft:oxeye_daisy":1,"minecraft:gray_wool":9,"iceandfire:copper_nugget":46,"minecraft:rose_bush":1,"minecraft:potion":1,"minecraft:dead_bush":64,"minecraft:oak_stairs":213,"minecraft:iron_shovel":2,"minecraft:smooth_sandstone":1,"iceandfire:dragon_skull_fire":1,"ars_nouveau:caster_tome":1,"minecraft:bricks":2,"minecraft:cobblestone_wall":64,"minecraft:iron_boots":1,"sophisticatedbackpacks:backpack":1,"minecraft:light_gray_concrete":10,"minecraft:spruce_fence":256,"minecraft:diamond_sword":1,"minecraft:flower_pot":67,"minecraft:peony":2,"minecraft:spruce_trapdoor":262,"minecraft:spruce_planks":661,"sophisticatedbackpacks:magnet_upgrade":1,"minecraft:stone_bricks":783,"minecraft:spider_eye":12,"minecraft:bamboo":1,"sophisticatedbackpacks:copper_backpack":2,"minecraft:bow":1,"simplyswords:gold_spear":1,"ars_nouveau:amplify_arrow":1,"minecraft:black_wool":1,"minecraft:terracotta":17,"securitycraft:reinforced_stone_button":1,"minecraft:birch_planks":4,"minecraft:oak_log":391,"minecraft:loom":1,"minecraft:golden_pickaxe":2,"minecraft:ender_pearl":1,"minecraft:lantern":64,"minecraft:leather":2,"iceandfire:tide_trident":1,"iceandfire:deathworm_yellow_chestplate":2,"minecraft:cod":1,"minecraft:music_disc_11":1,"minecraft:cobblestone_stairs":1,"minecraft:cornflower":1,"biomesoplenty:glowflower":1,"minecraft:gravel":13,"ars_nouveau:wilden_spike":1,"minecraft:andesite_slab":4,"minecraft:cooked_mutton":2,"sophisticatedbackpacks:diamond_backpack":1,"minecraft:chainmail_chestplate":1,"minecraft:chest":64,"minecraft:chainmail_boots":1,"comforts:sleeping_bag_white":1,"minecraft:iron_bars":2,"minecraft:arrow":5,"minecraft:oak_leaves":64,"minecraft:water_bucket":1,"minecraft:torchflower":1,"minecraft:bread":62,"minecraft:smithing_table":1,"iceandfire:dragonscales_green":4,"minecraft:spruce_stairs":258,"minecraft:spruce_fence_gate":65,"minecraft:diorite":1,"iceandfire:dragonscales_black":4,"minecraft:torch":13,"tombstone:grave_key":2,"minecraft:smooth_quartz":3,"tombstone:grave_dust":9,"iceandfire:crackled_grass":1,"minecraft:granite_slab":10,"minecraft:stonecutter":1,"minecraft:bucket":2,"iceandfire:dragonscales_bronze":25,"minecraft:anvil":1,"chococraft:chocobo_feather":66,"minecraft:raw_iron":2,"minecraft:light_gray_wool":1,"minecraft:stripped_oak_log":64,"minecraft:glass_pane":64,"minecraft:red_terracotta":3,"minecraft:shield":2,"minecraft:iron_chestplate":1,"minecraft:andesite":21,"minecraft:mossy_stone_bricks":1,"simplyswords:iron_longsword":1,"tombstone:essence_of_undeath":1,"minecraft:wooden_pickaxe":1,"chococraft:gysahl_green":77},"minecraft:mined":{"minecraft:white_bed":17,"minecraft:granite":30,"minecraft:acacia_log":2,"minecraft:chiseled_stone_bricks":1,"minecraft:spawner":24,"minecraft:fire":8,"minecraft:barrel":1,"minecraft:granite_slab":6,"minecraft:deepslate_lapis_ore":6,"iceandfire:gold_pile":9,"minecraft:oak_stairs":4,"minecraft:light_gray_concrete":12,"minecraft:white_banner":1,"minecraft:tripwire":3,"ars_nouveau:light_block":2,"minecraft:torch":3,"minecraft:cyan_bed":1,"minecraft:sugar_cane":12,"minecraft:skeleton_skull":1,"biomesoplenty:glowworm_silk_strand":1,"minecraft:wither_rose":2,"minecraft:stone_brick_stairs":3,"minecraft:grass":84,"biomesoplenty:dead_log":2,"minecraft:smooth_quartz":4,"minecraft:deepslate":22,"biomesoplenty:reed":1,"minecraft:dark_prismarine":79,"minecraft:light_gray_stained_glass_pane":1,"iceandfire:silver_ore":15,"minecraft:mossy_cobblestone":1,"minecraft:dark_oak_log":21,"biomesoplenty:desert_grass":4,"minecraft:dark_oak_fence":2,"biomesoplenty:dune_grass":1,"minecraft:acacia_wood":1,"iceandfire:chared_gravel":1,"minecraft:andesite":81,"biomesoplenty:high_grass":11,"minecraft:vine":4,"ars_nouveau:rune":5,"minecraft:redstone_block":1,"minecraft:glass_pane":4,"minecraft:campfire":2,"biomesoplenty:high_grass_plant":12,"minecraft:tall_grass":6,"minecraft:copper_ore":18,"minecraft:deepslate_gold_ore":1,"minecraft:diorite":2,"minecraft:red_terracotta":22,"minecraft:spruce_log":30,"minecraft:birch_leaves":16,"minecraft:gravel":89,"minecraft:dripstone_block":1,"biomesoplenty:stringy_cobweb":2,"minecraft:cobweb":13,"minecraft:stone_bricks":8,"minecraft:gold_ore":12,"minecraft:infested_stone":1,"minecraft:spruce_planks":12,"minecraft:cobblestone_stairs":2,"minecraft:spruce_trapdoor":2,"minecraft:grass_block":209,"biomesoplenty:flowering_oak_leaves":8,"minecraft:iron_ore":80,"minecraft:anvil":1,"chococraft:gysahl_green":158,"minecraft:pointed_dripstone":2,"minecraft:flowering_azalea_leaves":1,"minecraft:iron_bars":3,"biomesoplenty:glowing_moss_carpet":4,"biomesoplenty:hanging_cobweb_strand":2,"minecraft:chiseled_quartz_block":1,"crystals_overhauled:saphire_ore":10,"minecraft:poppy":1,"iceandfire:ghost_chest":1,"minecraft:chest":15,"minecraft:cobblestone":29,"minecraft:oak_planks":7,"minecraft:wall_torch":2,"minecraft:birch_log":3,"ars_nouveau:archwood_planks":1,"biomesoplenty:clover":3,"minecraft:oak_log":42,"minecraft:sand":8,"minecraft:dirt":112,"minecraft:tripwire_hook":1,"minecraft:netherrack":1,"minecraft:oak_leaves":45,"iceandfire:chared_stone":1,"minecraft:quartz_stairs":1,"minecraft:deepslate_diamond_ore":9,"torchmaster:megatorch":3,"iceandfire:crackled_gravel":1,"minecraft:glow_lichen":2,"minecraft:ladder":1,"biomesoplenty:bush":13,"minecraft:spruce_leaves":6,"minecraft:hay_block":18,"minecraft:furnace":2,"iceandfire:crackled_grass":1,"ars_nouveau:bombegranate_pod":1,"minecraft:peony":6,"minecraft:gold_block":2,"minecraft:bookshelf":7,"minecraft:deepslate_iron_ore":10,"biomesoplenty:mahogany_leaves":1,"minecraft:lantern":3,"minecraft:stripped_oak_log":2,"biomesoplenty:spider_egg":1,"minecraft:stone":461,"minecraft:acacia_leaves":1,"ars_nouveau:green_archwood_log":1,"minecraft:polished_granite":22,"minecraft:crafting_table":3,"minecraft:cyan_stained_glass_pane":1,"minecraft:rose_bush":4,"minecraft:andesite_slab":2,"minecraft:sculk_sensor":1,"minecraft:quartz_bricks":1,"minecraft:deepslate_coal_ore":9,"minecraft:red_glazed_terracotta":1,"biomesoplenty:huge_clover_petal":2,"minecraft:lapis_ore":5,"minecraft:spruce_stairs":14,"minecraft:gray_wool":115,"minecraft:birch_planks":1,"ars_nouveau:blue_archwood_log":17,"minecraft:gray_bed":1,"elevatorid:elevator_white":1,"minecraft:coal_ore":178,"minecraft:terracotta":74,"minecraft:polished_andesite":4,"minecraft:mossy_stone_bricks":1},"minecraft:picked_up":{"minecraft:birch_door":1,"minecraft:anvil":2,"minecraft:flower_pot":62,"minecraft:diamond_sword":2,"minecraft:lead":9,"minecraft:oak_stairs":26,"minecraft:wither_rose":2,"minecraft:enchanted_book":2,"sophisticatedbackpacks:magnet_upgrade":2,"minecraft:string":46,"minecraft:diamond_leggings":1,"minecraft:gold_nugget":180,"minecraft:cobbled_deepslate":23,"minecraft:spruce_planks":34,"minecraft:acacia_log":2,"iceandfire:lightning_dragon_flesh":4,"minecraft:honey_bottle":1,"iceandfire:deathworm_chitin_yellow":2,"iceandfire:fire_dragon_heart":3,"minecraft:iron_bars":2,"minecraft:birch_log":3,"iceandfire:dragonscales_black":20,"minecraft:feather":29,"minecraft:cooked_beef":58,"minecraft:water_bucket":1,"biomesoplenty:dead_log":2,"minecraft:lantern":3,"aquaculture:gar":1,"iceandfire:deathworm_yellow_chestplate":1,"iceandfire:dragon_skull_fire":4,"sophisticatedbackpacks:iron_backpack":1,"minecraft:granite_slab":10,"iceandfire:lightning_dragon_heart":1,"minecraft:barrel":1,"minecraft:red_terracotta":20,"minecraft:dark_oak_log":23,"minecraft:quartz_bricks":498,"cataclysm:lionfish":1,"minecraft:bundle":2,"minecraft:polished_andesite":4,"minecraft:lever":1,"minecraft:granite":7,"minecraft:bread":61,"iceandfire:gorgon_head":1,"minecraft:bricks":2,"minecraft:dark_oak_fence":2,"iceandfire:raw_silver":16,"iceandfire:dragon_skull_lightning":2,"minecraft:crafting_table":4,"minecraft:leather_leggings":1,"minecraft:acacia_door":1,"minecraft:iron_shovel":1,"minecraft:beef":3,"minecraft:poppy":1,"minecraft:spruce_slab":64,"minecraft:chest":21,"minecraft:quartz_stairs":24,"iceandfire:dragonscales_electric":14,"minecraft:egg":10,"securitycraft:reinforced_cobblestone":9,"sophisticatedbackpacks:backpack":1,"minecraft:spruce_fence":2,"ars_nouveau:green_archwood_log":1,"mowziesmobs:umvuthana_mask_faith":3,"minecraft:peony":9,"aquaculture:brown_trout":1,"minecraft:diamond_boots":1,"minecraft:hay_block":18,"mowziesmobs:umvuthana_mask_bliss":1,"tombstone:essence_of_undeath":1,"sophisticatedbackpacks:copper_backpack":2,"minecraft:mutton":15,"minecraft:white_wool":6,"minecraft:oxeye_daisy":1,"minecraft:stripped_oak_log":34,"alexsmobs:acacia_blossom":1,"minecraft:acacia_wood":1,"minecraft:oak_log":115,"minecraft:white_banner":1,"biomesoplenty:glowing_moss_carpet":4,"chococraft:chocobo_feather":142,"chococraft:gysahl_green":477,"minecraft:apple":4,"minecraft:stone_bricks":404,"tombstone:bag_of_seeds":2,"minecraft:glass_bottle":3,"minecraft:iron_sword":4,"minecraft:dark_oak_stairs":1,"elevatorid:elevator_white":1,"iceandfire:copper_nugget":44,"minecraft:gravel":13,"minecraft:spruce_sapling":4,"minecraft:spruce_log":29,"minecraft:stone_axe":1,"minecraft:painting":10,"minecraft:gray_wool":129,"mowziesmobs:umvuthana_mask_fear":4,"ars_nouveau:caster_tome":1,"chococraft:loverly_gysahl_green":27,"minecraft:potion":1,"ars_nouveau:bombegranate_pod":3,"minecraft:stone_brick_stairs":128,"minecraft:raw_copper":16,"minecraft:iron_leggings":2,"comforts:sleeping_bag_white":20,"minecraft:rose_bush":6,"minecraft:calcite":1,"minecraft:smooth_quartz":3,"minecraft:furnace":3,"minecraft:iron_boots":3,"minecraft:stick":6,"minecraft:oak_fence":1,"minecraft:torch":9,"minecraft:spruce_stairs":14,"minecraft:porkchop":19,"iceandfire:rotten_egg":1,"iceandfire:crackled_gravel":8,"tombstone:grave_dust":28,"minecraft:pointed_dripstone":10,"minecraft:diorite":2,"minecraft:rotten_flesh":39,"iceandfire:crackled_grass":1,"alexsmobs:emu_egg":1,"chococraft:chocobo_drumstick_raw":6,"minecraft:cod":1,"minecraft:cobblestone":628,"minecraft:andesite":83,"minecraft:potato":1,"alexsmobs:bear_fur":1,"minecraft:dirt":299,"minecraft:lapis_lazuli":74,"iceandfire:dragonscales_bronze":25,"minecraft:polished_granite":10,"minecraft:bone":120,"minecraft:bow":2,"minecraft:wheat_seeds":42,"minecraft:raw_gold":12,"minecraft:mossy_stone_bricks":1,"minecraft:oak_planks":60,"minecraft:cooked_porkchop":9,"torchmaster:megatorch":3,"minecraft:sand":12,"minecraft:cyan_bed":1,"simplyswords:iron_greathammer":1,"minecraft:dark_prismarine":73,"minecraft:light_gray_concrete":10,"minecraft:spruce_fence_gate":1,"minecraft:diamond":10,"alexsmobs:rattlesnake_rattle":1,"minecraft:crossbow":1,"minecraft:bone_meal":49,"minecraft:oak_sapling":7,"iceandfire:tide_trident":1,"minecraft:andesite_slab":4,"minecraft:fishing_rod":1,"minecraft:charcoal":6,"minecraft:chicken":6,"minecraft:ladder":3,"minecraft:gold_block":2,"minecraft:shield":2,"ars_nouveau:amplify_arrow":1,"ars_nouveau:archwood_planks":1,"minecraft:item_frame":4,"minecraft:blue_orchid":1,"simplyswords:iron_longsword":1,"minecraft:light_gray_wool":1,"minecraft:sugar_cane":24,"tombstone:tablet_of_assistance":1,"minecraft:spruce_trapdoor":8,"minecraft:phantom_membrane":3,"minecraft:dark_oak_sapling":2,"iceandfire:dragonscales_gray":25,"minecraft:raw_iron":99,"iceandfire:dragonbone":50,"iceandfire:dragonscales_green":34,"ars_nouveau:blue_archwood_log":16,"biomesoplenty:wilted_lily":1,"minecraft:quartz_pillar":70,"minecraft:music_disc_11":1,"crystals_overhauled:saphire":15,"ars_nouveau:wixie_shards":1,"alexsmobs:crocodile_scute":1,"minecraft:dark_oak_planks":1,"minecraft:arrow":98,"minecraft:saddle":1,"minecraft:skeleton_skull":2,"minecraft:glow_ink_sac":3,"minecraft:salmon":6,"minecraft:leather":7,"minecraft:birch_planks":8,"minecraft:chainmail_chestplate":1,"iceandfire:ectoplasm":1,"minecraft:cobblestone_stairs":1,"minecraft:gunpowder":7,"minecraft:smooth_sandstone":1,"chococraft:gold_gysahl":7,"minecraft:iron_ingot":14,"securitycraft:universal_block_reinforcer_lvl1":1,"minecraft:acacia_sapling":2,"iceandfire:fire_dragon_flesh":3,"minecraft:book":21,"sophisticatedbackpacks:diamond_backpack":2,"simplyswords:iron_greataxe":1,"iceandfire:ash":3,"minecraft:dripstone_block":1,"chococraft:gysahl_green_seeds":158,"minecraft:soul_torch":22,"minecraft:white_bed":19,"minecraft:spider_eye":20,"minecraft:brick_slab":5,"ars_nouveau:wilden_spike":1,"mowziesmobs:naga_fang":2,"chococraft:chocobo_whistle":2,"tombstone:magic_scroll":2,"minecraft:terracotta":108,"minecraft:black_wool":1,"minecraft:dark_oak_wood":3,"minecraft:coal":253},"minecraft:killed":{"minecraft:cave_spider":16,"iceandfire:gorgon":1,"minecraft:skeleton":95,"minecraft:chicken":6,"mowziesmobs:umvuthana_crane":8,"minecraft:iron_golem":1,"minecraft:zombie":29,"alexsmobs:roadrunner":1,"iceandfire:lightning_dragon":1,"minecraft:cow":2,"chococraft:chocobo":2,"mowziesmobs:naga":3,"alexsmobs:raccoon":1,"iceandfire:siren":2,"cataclysm:deepling_angler":1,"minecraft:husk":1,"alexsmobs:crocodile":1,"iceandfire:ghost":21,"minecraft:enderman":1,"minecraft:witch":2,"minecraft:spider":15,"aquaculture:gar":1,"minecraft:silverfish":1,"minecraft:pig":15,"alexsmobs:grizzly_bear":4,"minecraft:zombie_villager":1,"minecraft:creeper":3,"minecraft:sheep":9,"iceandfire:pixie":1,"mowziesmobs:umvuthana_raptor":1,"alexsmobs:rattlesnake":1,"minecraft:phantom":3,"iceandfire:fire_dragon":3,"minecraft:llama":1,"aquaculture:brown_trout":1,"cataclysm:lionfish":1,"minecraft:drowned":1,"iceandfire:deathworm":3,"mowziesmobs:umvuthana":5,"mowziesmobs:umvuthana_follower_raptor":2,"alexsmobs:emu":1,"creeperoverhaul:ocean_creeper":1},"minecraft:used":{"alexsmobs:emu_egg":1,"mowziesmobs:umvuthana_mask_fear":23,"minecraft:chest":114,"securitycraft:keypad_item":4,"iceandfire:crackled_gravel":9,"minecraft:dark_oak_leaves":1,"simplyswords:iron_longsword":238,"minecraft:stone_brick_stairs":49,"minecraft:bow":57,"ars_nouveau:archwood_door":1,"minecraft:furnace":8,"minecraft:oak_sapling":7,"minecraft:diorite":1,"iceandfire:armor_sapphire_chestplate":1,"minecraft:wooden_pickaxe":18,"minecraft:oak_leaves":5,"elevatorid:elevator_white":4,"minecraft:sand":2,"minecraft:blast_furnace":5,"iceandfire:silver_pickaxe":25,"minecraft:red_terracotta":6,"minecraft:polished_granite":2,"biomesoplenty:glowing_moss_carpet":21,"aquaculture:gar":1,"minecraft:diamond_sword":635,"minecraft:fire_charge":12,"minecraft:enchanting_table":1,"minecraft:acacia_log":1,"minecraft:armor_stand":2,"simplyswords:iron_warglaive":57,"minecraft:torch":19,"minecraft:anvil":3,"immersive_armors:slime_boots":1,"minecraft:cod_bucket":3,"minecraft:iron_axe":112,"minecraft:spruce_button":17,"minecraft:barrel":25,"chococraft:yellow_chocobo_spawn_egg":2,"cataclysm:mechanical_fusion_anvil":1,"tombstone:gift":10,"minecraft:trapped_chest":1,"comforts:sleeping_bag_white":21,"torchmaster:megatorch":4,"minecraft:cobbled_deepslate":4,"minecraft:water_bucket":263,"minecraft:spruce_fence_gate":31,"minecraft:crafting_table":20,"minecraft:campfire":118,"minecraft:white_bed":21,"minecraft:spruce_log":4,"minecraft:oak_log":305,"minecraft:dark_prismarine":73,"minecraft:diamond_pickaxe":41,"chococraft:gysahl_green_seeds":54,"tombstone:tablet_of_assistance":3,"minecraft:iron_pickaxe":1067,"minecraft:spruce_trapdoor":5,"minecraft:cobblestone":58,"minecraft:cooked_porkchop":10,"minecraft:glass_pane":24,"minecraft:stripped_oak_log":2,"iceandfire:tide_trident":2,"minecraft:iron_shovel":513,"aquaculture:brown_trout":1,"minecraft:shield":11,"minecraft:iron_sword":185,"minecraft:iron_chestplate":1,"blue_skies:bluebright_chest":2,"iceandfire:cannoli":1,"mowziesmobs:umvuthana_mask_faith":24,"minecraft:lantern":2,"minecraft:light_blue_bed":3,"chococraft:pickled_gysahl_cooked":1,"minecraft:stone_bricks":91,"minecraft:item_frame":33,"spartanshields:iron_basic_shield":120,"minecraft:diamond_boots":1,"minecraft:stone_pickaxe":131,"minecraft:oak_planks":114,"iceandfire:armor_green_helmet":1,"minecraft:ender_pearl":15,"minecraft:sugar_cane":17,"ars_nouveau:archwood_planks":54,"minecraft:crossbow":18,"minecraft:shears":26,"simplyswords:mjolnir":11,"simplyswords:iron_greathammer":15,"minecraft:lever":1,"minecraft:acacia_door":1,"minecraft:bread":166,"tombstone:grave_key":9,"minecraft:grindstone":1,"chococraft:gysahl_green":3,"minecraft:bone_meal":29,"minecraft:golden_pickaxe":32,"minecraft:flint_and_steel":1,"minecraft:spruce_planks":257,"securitycraft:keypad_door_item":1,"minecraft:cooked_chicken":2,"minecraft:dirt":607,"minecraft:spruce_stairs":203,"minecraft:cobblestone_wall":8,"minecraft:spruce_fence":20,"minecraft:granite":1,"minecraft:stone_brick_slab":29,"minecraft:bookshelf":12,"minecraft:oak_stairs":19,"biomesoplenty:orange_sand":1,"minecraft:iron_boots":1,"biomesoplenty:hellbark_door":2,"minecraft:cooked_beef":102,"biomesoplenty:dead_log":1,"minecraft:iron_leggings":1,"minecraft:cooked_mutton":11,"minecraft:baked_potato":25,"iceandfire:armor_sapphire_helmet":1,"minecraft:glow_item_frame":1,"minecraft:terracotta":64,"simplyswords:iron_greataxe":1,"minecraft:painting":8,"minecraft:smoker":5,"minecraft:flower_pot":5,"immersive_armors:slime_leggings":1,"minecraft:stone_axe":93,"minecraft:fishing_rod":2,"minecraft:bucket":265,"minecraft:pumpkin_pie":8,"minecraft:gray_wool":96,"minecraft:soul_torch":8},"minecraft:custom":{"minecraft:interact_with_crafting_table":81,"minecraft:open_barrel":98,"goblintraders:trade_with_goblin":30,"minecraft:bell_ring":3,"minecraft:leave_game":14,"minecraft:time_since_death":36471,"minecraft:damage_blocked_by_shield":2147483647,"minecraft:play_time":933744,"minecraft:deaths":34,"minecraft:jump":16210,"minecraft:interact_with_furnace":102,"minecraft:traded_with_villager":1,"minecraft:interact_with_cartography_table":1,"minecraft:sleep_in_bed":38,"minecraft:damage_dealt":70313,"tombstone:undead_killed":152,"minecraft:interact_with_smithing_table":1,"minecraft:interact_with_anvil":4,"minecraft:damage_dealt_absorbed":241,"minecraft:sneak_time":60239,"minecraft:interact_with_blast_furnace":5,"minecraft:total_world_time":933744,"tombstone:raider_killed":5,"minecraft:time_since_rest":8780,"minecraft:swim_one_cm":192794,"minecraft:fly_one_cm":3617537,"minecraft:open_chest":358,"minecraft:fall_one_cm":534227,"minecraft:animals_bred":31,"minecraft:sprint_one_cm":3052226,"minecraft:drop":378,"minecraft:talked_to_villager":10,"minecraft:walk_on_water_one_cm":196516,"tombstone:steal_effect":6,"minecraft:player_kills":2,"minecraft:crouch_one_cm":274453,"minecraft:mob_kills":283,"minecraft:damage_dealt_resisted":477,"minecraft:climb_one_cm":73893,"minecraft:walk_one_cm":2334981,"minecraft:walk_under_water_one_cm":207809,"spartanshields:shield_bash_hits":6,"minecraft:pot_flower":4,"minecraft:damage_taken":26860,"minecraft:trigger_trapped_chest":19},"minecraft:killed_by":{"iceandfire:fire_dragon":1,"minecraft:player":2}},"DataVersion":3465}