[
  {
    "uuid": "d6e95281-f4ef-444b-8ddd-81e17c7c9f38",
    "displayName": {
      "insertion": "kaitapro2",
      "clickEvent": {
        "action": "suggest_command",
        "value": "/tell kaitapro2 "
      },
      "hoverEvent": {
        "action": "show_entity",
        "contents": {
          "type": "minecraft:player",
          "id": "d6e95281-f4ef-444b-8ddd-81e17c7c9f38",
          "name": {
            "text": "kaitapro2"
          }
        }
      },
      "extra": [
        {
          "text": "kaitapro2"
        }
      ],
      "text": ""
    },
    "animation": "rainbow"
  }
]